source,source_bits,target,target_bits,probability,n_common_networks,choice,responsiveness,pliancy
0,[0000],8,[1000],0.2734794130954689,292,13.970400661142367,39.966785411099174,42.46834227126521
0,[0000],4,[0100],0.2734794130954689,292,-24.339603109379546,31.412217828319562,40.807639212191994
0,[0000],5,[0101],0.03600284403076724,266,-34.39057932244678,43.08297744302065,51.04674774252666
0,[0000],12,[1100],0.07918040204253118,247,-7.689860461912823,57.32207572572449,52.56505356923523
0,[0000],6,[0110],0.007045439855212979,124,-8.297442368775723,50.44220409423205,51.23151277385818
0,[0000],1,[0001],0.06857992372826578,176,-19.431045318608014,29.042236722436407,44.28866450944678
0,[0000],2,[0010],0.07142395449550773,177,8.188141947635838,36.013898272582665,44.00851881562593
0,[0000],14,[1110],0.010535841251373537,206,3.712080378945023,67.90032104520603,58.6806431107899
0,[0000],10,[1010],0.03904078598668476,272,21.339043921882837,55.468664434571934,51.71362559914185
0,[0000],15,[1111],0.004783142653997803,194,-7.937302178827768,70.9673278123,63.76390335673304
0,[0000],11,[1011],0.009307737056428156,150,6.088191743795921,58.655699585208424,58.94091389296565
0,[0000],13,[1101],0.009372374119320018,202,-19.790585004206662,62.6546262930476,59.31773589010342
0,[0000],9,[1001],0.008144269924374637,146,-6.262857420300902,48.327597408355516,53.00079658467483
0,[0000],7,[0111],0.008919914679076983,154,-20.915632816729012,51.73092229753251,57.27307100043643
0,[0000],3,[0011],0.023721802081313425,109,-5.217844654786977,41.68837634765048,52.37300184198886
5,[0101],7,[0111],0.10080106809078772,153,12.88007813020683,11.837586486504776,7.846494544284839
5,[0101],15,[1111],0.05874499332443257,190,26.490812882584745,28.3796482066688,12.156063955606639
5,[0101],13,[1101],0.0794392523364486,190,14.184226767090617,17.897334247772722,7.375398280123872
5,[0101],11,[1011],0.0033377837116154874,148,39.634543119780695,18.94815000504607,8.891003527464786
5,[0101],3,[0011],0.008678237650200267,106,28.34342068784968,4.901209630021358,4.388158813595612
5,[0101],4,[0100],0.008678237650200267,259,10.43829563023445,-12.152952465797329,-10.653817387879926
5,[0101],9,[1001],0.004672897196261682,141,27.31162362518214,7.745327439302534,2.7736226393307377
5,[0101],1,[0001],0.036048064085447265,171,13.871883008249831,-10.229270158279022,-3.692794801597678
5,[0101],12,[1100],0.006675567423230975,218,28.040087287015815,12.341721096362232,0.3610349708509074
5,[0101],0,[0000],0.008678237650200267,266,34.39057932244678,-43.08297744302065,-51.04674774252666
5,[0101],14,[1110],0.0013351134846461949,197,38.04518655021663,22.953217458100553,6.584536684815012
5,[0101],10,[1010],0.0006675567423230974,253,55.98817472765091,12.913653783369359,1.1803582726647925
6,[0110],15,[1111],0.12083333333333333,105,-0.14559249424103982,20.114623539808846,10.668542959830223
6,[0110],7,[0111],0.2625,93,-12.757287762449753,6.617234115672117,6.647494131474696
6,[0110],14,[1110],0.06666666666666667,96,10.64467763366363,15.84219585249207,4.839790665002727
6,[0110],5,[0101],0.041666666666666664,120,-26.392236959619407,-5.616450336063757,-0.5561467288376198
6,[0110],2,[0010],0.016666666666666666,96,16.927349259992454,-11.621252807400385,-6.034016712348223
6,[0110],4,[0100],0.058333333333333334,123,-15.722623292358636,-18.766420680525066,-11.831855640182724
6,[0110],11,[1011],0.008333333333333333,90,12.460006046531007,13.834310055438323,7.860730937438128
6,[0110],0,[0000],0.008333333333333333,124,8.297442368775723,-50.44220409423205,-51.23151277385818
6,[0110],10,[1010],0.004166666666666667,122,29.866385570906186,5.301702374057728,-1.4194618603136997
8,[1000],10,[1010],0.16759002770083103,267,6.665959527589205,15.628835592588462,9.933171481715082
8,[1000],11,[1011],0.02169898430286242,144,-8.191768964236436,20.221678265267272,17.565224012914037
8,[1000],14,[1110],0.05955678670360111,206,-9.913229180794161,26.988674983423152,15.95466519184145
8,[1000],15,[1111],0.017774699907663897,190,-21.33330629253501,31.473801090727818,21.26493989308379
8,[1000],12,[1100],0.1530470914127424,246,-20.846140180308424,16.00279351887167,9.858579014179815
8,[1000],13,[1101],0.01569713758079409,202,-32.70139926571056,22.11624406292055,16.34659563974842
8,[1000],4,[0100],0.004847645429362881,287,-38.47380918494902,-8.876337134719476,-1.6301068377729278
8,[1000],6,[0110],0.0004616805170821791,123,-21.785568096015293,9.761142576951082,10.050760427371554
8,[1000],9,[1001],0.0110803324099723,144,-19.714686773199062,10.056432591419224,11.78554847460946
8,[1000],0,[0000],0.018698060941828253,292,-13.970400661142367,-39.966785411099174,-42.46834227126521
8,[1000],2,[0010],0.002770083102493075,169,-6.227088551513475,-2.561445367991235,4.096797818732819
8,[1000],3,[0011],0.00023084025854108956,101,-20.16832462767611,4.663610061021037,12.543928381252943
8,[1000],5,[0101],0.00023084025854108956,258,-49.28622484311715,2.9332306967837525,9.248954980530314
8,[1000],1,[0001],0.00023084025854108956,168,-33.60035332949417,-9.367643448789627,4.243439442477704
1,[0001],5,[0101],0.09674922600619196,171,-13.871883008249831,10.229270158279022,3.692794801597678
1,[0001],11,[1011],0.0804953560371517,124,24.256941448433565,30.31365446774023,13.467575357440616
1,[0001],9,[1001],0.0456656346749226,112,14.157398210222336,16.543071962417727,6.703478087794668
1,[0001],13,[1101],0.013157894736842105,109,1.5089950823325493,28.440672422018864,11.038795711940278
1,[0001],3,[0011],0.3304953560371517,101,13.356631906948651,13.776420390422977,8.305211233845249
1,[0001],2,[0010],0.02863777089783282,142,27.595793044037862,5.446197047152108,-0.5590868898406194
1,[0001],8,[1000],0.007739938080495356,168,33.60035332949417,9.367643448789627,-4.243439442477704
1,[0001],15,[1111],0.02244582043343653,130,10.953530885575429,38.81601938348166,16.387061072096046
1,[0001],7,[0111],0.05417956656346749,124,-1.4417083499083108,22.55592646481239,12.277014072597686
1,[0001],0,[0000],0.11609907120743033,176,19.431045318608014,-29.042236722436407,-44.28866450944678
1,[0001],4,[0100],0.0015479876160990713,168,-5.054688962750912,0.09622514559844486,-5.856818430178406
1,[0001],10,[1010],0.0030959752321981426,167,39.77091506398118,23.365667672164385,4.952329366805767
1,[0001],14,[1110],0.0007739938080495357,113,22.953343452759512,33.97446090852747,10.65544893947701
1,[0001],12,[1100],0.0023219814241486067,124,12.82152022513972,22.698918412577505,4.147940276058613
14,[1110],15,[1111],0.16260162601626016,160,-11.649980999134964,3.771150955524572,4.979145976336957
14,[1110],7,[0111],0.010452961672473868,105,-22.93555309671404,-11.702969503792584,0.256054642714858
14,[1110],12,[1100],0.020905923344947737,192,-11.832878680174797,-11.327652079243213,-6.222979326988838
14,[1110],8,[1000],0.003484320557491289,206,9.913229180794161,-26.988674983423152,-15.95466519184145
14,[1110],4,[0100],0.003484320557491289,206,-27.667394722892126,-35.51907143439816,-17.299414801380358
14,[1110],6,[0110],0.010452961672473868,96,-10.64467763366363,-15.84219585249207,-4.839790665002727
14,[1110],10,[1010],0.011614401858304297,203,17.637762820796187,-10.115437932420832,-5.247999275027475
14,[1110],11,[1011],0.004645760743321719,106,3.242012431967077,-4.2361760085035645,1.705971729485083
14,[1110],13,[1101],0.015098722415795587,177,-24.02811202836657,-5.310514696783945,0.4946893664875407
14,[1110],0,[0000],0.0011614401858304297,206,-3.712080378945023,-67.90032104520603,-58.6806431107899
14,[1110],3,[0011],0.0011614401858304297,64,-8.278708249144632,-19.296470616181754,-2.824840652050495
14,[1110],5,[0101],0.0011614401858304297,197,-38.04518655021663,-22.953217458100553,-6.584536684815012
12,[1100],14,[1110],0.06819062378922898,192,11.832878680174797,11.327652079243213,6.222979326988838
12,[1100],13,[1101],0.08097636574970941,193,-13.141645765146226,6.479263774279146,6.6193315192018884
12,[1100],15,[1111],0.059279349089500194,160,-0.4193512417689217,15.5936443642615,11.467699369470857
12,[1100],4,[0100],0.01084850833010461,247,-17.28082660705917,-24.911958711090996,-11.301542762199984
12,[1100],8,[1000],0.008911274699728787,246,20.846140180308424,-16.00279351887167,-9.858579014179815
12,[1100],10,[1010],0.002324680356450988,225,28.176956191371204,0.8022612623910557,0.37089504824484276
12,[1100],5,[0101],0.0030995738086013174,218,-28.040087287015815,-12.341721096362232,-0.3610349708509074
12,[1100],0,[0000],0.0007748934521503294,247,7.689860461912823,-57.32207572572449,-52.56505356923523
12,[1100],7,[0111],0.0003874467260751647,107,-13.348542643074325,-0.8919296116313866,6.654458294165096
11,[1011],15,[1111],0.2219430485762144,127,-14.233803777074005,10.045787641330303,4.128787858946463
11,[1011],3,[0011],0.11306532663316583,96,-12.068187126505041,-16.222928938386644,-5.896049368751358
11,[1011],7,[0111],0.018425460636515914,118,-26.327359395599743,-6.416044971833636,-1.3251336332432397
11,[1011],9,[1001],0.005025125628140704,100,-11.078678478411843,-12.595008061285455,-7.077460484203973
11,[1011],10,[1010],0.038525963149078725,149,14.570195880365725,-5.881890059075473,-7.902750268928878
11,[1011],2,[0010],0.0008375209380234506,124,2.0753561648867147,-24.71190028839832,-14.119385749072348
11,[1011],5,[0101],0.0008375209380234506,148,-39.634543119780695,-18.94815000504607,-8.891003527464786
11,[1011],13,[1101],0.0008375209380234506,98,-25.04828865048388,0.037124743338795674,-1.5130037337614617
11,[1011],8,[1000],0.0016750418760469012,144,8.191768964236436,-20.221678265267272,-17.565224012914037
11,[1011],14,[1110],0.0008375209380234506,106,-3.242012431967077,4.2361760085035645,-1.705971729485083
11,[1011],1,[0001],0.0008375209380234506,124,-24.256941448433565,-30.31365446774023,-13.467575357440616
11,[1011],6,[0110],0.0008375209380234506,90,-12.460006046531007,-13.834310055438323,-7.860730937438128
4,[0100],15,[1111],0.02076603599446239,190,16.02297589534632,39.68502184493702,23.02785681702304
4,[0100],7,[0111],0.01799723119520074,147,4.081202843099259,23.763407292567052,17.963100531341226
4,[0100],0,[0000],0.014997692662667282,292,24.339603109379546,-31.412217828319562,-40.807639212191994
4,[0100],5,[0101],0.16151361329026304,259,-10.43829563023445,12.152952465797329,10.653817387879926
4,[0100],13,[1101],0.0586063682510383,202,3.3803315345900176,30.13096377801143,17.865002080759467
4,[0100],6,[0110],0.011305952930318412,123,15.722623292358636,18.766420680525066,11.831855640182724
4,[0100],12,[1100],0.14559298569450854,247,17.28082660705917,24.911958711090996,11.301542762199984
4,[0100],10,[1010],0.00046146746654360867,265,45.67980599152559,24.3929401968437,11.517412743291654
4,[0100],14,[1110],0.01430549146285187,206,27.667394722892126,35.51907143439816,17.299414801380358
4,[0100],8,[1000],0.004153207198892478,287,38.47380918494902,8.876337134719476,1.6301068377729278
4,[0100],1,[0001],0.0025380710659898475,168,5.054688962750912,-0.09622514559844486,5.856818430178406
4,[0100],9,[1001],0.00046146746654360867,144,18.77274525513973,18.305921478660345,13.436526722433506
4,[0100],2,[0010],0.0006922011998154131,169,32.49473969381927,5.990702604748188,5.1651953913659145
4,[0100],11,[1011],0.00023073373327180433,143,29.26632235752868,28.993589716140335,18.758171767565322
2,[0010],7,[0111],0.08256172839506173,129,-29.401865690225847,18.038488281788048,12.416042797700623
2,[0010],10,[1010],0.10108024691358025,172,11.75840640708638,17.619282362032344,5.709781963254569
2,[0010],3,[0011],0.35725308641975306,107,-13.930369014019943,8.859625753167409,9.478705171921836
2,[0010],5,[0101],0.008487654320987654,169,-42.29561223552354,4.438402940139564,4.21892472437984
2,[0010],6,[0110],0.04243827160493827,96,-16.927349259992454,11.621252807400385,6.034016712348223
2,[0010],11,[1011],0.06018518518518518,124,-2.0753561648867147,24.71190028839832,14.119385749072348
2,[0010],1,[0001],0.02854938271604938,142,-27.595793044037862,-5.446197047152108,0.5590868898406194
2,[0010],0,[0000],0.11496913580246913,177,-8.188141947635838,-36.013898272582665,-44.00851881562593
2,[0010],15,[1111],0.020061728395061727,136,-16.02734906901488,33.83225746487922,17.3070708945287
2,[0010],14,[1110],0.011574074074074073,120,-5.808703958041148,27.047866871510003,10.226210243189142
2,[0010],4,[0100],0.009259259259259259,169,-32.49473969381927,-5.990702604748188,-5.1651953913659145
2,[0010],8,[1000],0.0023148148148148147,169,6.227088551513475,2.561445367991235,-4.096797818732819
9,[1001],11,[1011],0.2916666666666667,100,11.078678478411843,12.595008061285455,7.077460484203973
9,[1001],13,[1101],0.06818181818181818,109,-12.63334558962323,10.978848027786126,4.1119589786368085
9,[1001],15,[1111],0.09090909090909091,123,-2.080832155346302,20.97988544840801,9.675747765680548
9,[1001],8,[1000],0.07196969696969698,144,19.714686773199062,-10.056432591419224,-11.78554847460946
9,[1001],10,[1010],0.03787878787878788,144,26.12388550222942,5.451730597039553,-1.790785095255806
9,[1001],0,[0000],0.007575757575757576,146,6.262857420300902,-48.327597408355516,-53.00079658467483
9,[1001],3,[0011],0.007575757575757576,75,-0.2523371979582736,-3.8686757494287143,2.643178560309975
9,[1001],1,[0001],0.015151515151515152,112,-14.157398210222336,-16.543071962417727,-6.703478087794668
9,[1001],2,[0010],0.003787878787878788,110,13.283780298629889,-12.115637762557586,-6.9468875229902185
9,[1001],5,[0101],0.003787878787878788,141,-27.31162362518214,-7.745327439302534,-2.7736226393307377
9,[1001],4,[0100],0.003787878787878788,144,-18.77274525513973,-18.305921478660345,-13.436526722433506
13,[1101],15,[1111],0.15063731170336037,152,11.93646884340011,9.822391174910853,5.165101900489766
13,[1101],9,[1001],0.008111239860950173,109,12.63334558962323,-10.978848027786126,-4.1119589786368085
13,[1101],8,[1000],0.0011587485515643105,202,32.70139926571056,-22.11624406292055,-16.34659563974842
13,[1101],4,[0100],0.002317497103128621,202,-3.3803315345900176,-30.13096377801143,-17.865002080759467
13,[1101],12,[1100],0.027809965237543453,193,13.141645765146226,-6.479263774279146,-6.6193315192018884
13,[1101],5,[0101],0.015063731170336037,190,-14.184226767090617,-17.897334247772722,-7.375398280123872
13,[1101],14,[1110],0.013904982618771726,177,24.02811202836657,5.310514696783945,-0.4946893664875407
13,[1101],11,[1011],0.011587485515643106,98,25.04828865048388,-0.037124743338795674,1.5130037337614617
13,[1101],0,[0000],0.0011587485515643105,202,19.790585004206662,-62.6546262930476,-59.31773589010342
13,[1101],7,[0111],0.004634994206257242,99,-0.25330452259349484,-6.255175918994987,0.33488326651193123
13,[1101],1,[0001],0.0011587485515643105,109,-1.5089950823325493,-28.440672422018864,-11.038795711940278
10,[1010],15,[1111],0.058146964856230034,193,-29.149798047267197,15.770778875970581,11.61502192137808
10,[1010],11,[1011],0.0939297124600639,149,-14.570195880365725,5.881890059075473,7.902750268928878
10,[1010],14,[1110],0.08626198083067092,203,-17.637762820796187,10.115437932420832,5.247999275027475
10,[1010],8,[1000],0.012779552715654952,267,-6.665959527589205,-15.628835592588462,-9.933171481715082
10,[1010],2,[0010],0.03258785942492013,172,-11.75840640708638,-17.619282362032344,-5.709781963254569
10,[1010],6,[0110],0.006389776357827476,122,-29.866385570906186,-5.301702374057728,1.4194618603136997
10,[1010],0,[0000],0.0038338658146964857,272,-21.339043921882837,-55.468664434571934,-51.71362559914185
10,[1010],3,[0011],0.006389776357827476,105,-26.94386366487892,-9.625493604822399,3.609913691177871
10,[1010],12,[1100],0.003194888178913738,225,-28.176956191371204,-0.8022612623910557,-0.37089504824484276
10,[1010],7,[0111],0.005750798722044728,150,-40.69578491045935,-0.23168873742328633,7.150924150772465
10,[1010],9,[1001],0.0025559105431309905,144,-26.12388550222942,-5.451730597039553,1.790785095255806
10,[1010],5,[0101],0.0012779552715654952,253,-55.98817472765091,-12.913653783369359,-1.1803582726647925
3,[0011],7,[0111],0.2804801010739103,101,-15.470057808784745,9.580859786324535,4.845942619802036
3,[0011],11,[1011],0.2337334175615919,96,12.068187126505041,16.222928938386644,5.896049368751358
3,[0011],15,[1111],0.05622236260265319,89,-1.778777054926125,25.080266237239872,9.72110526736153
3,[0011],2,[0010],0.051168667087807956,107,13.930369014019943,-8.859625753167409,-9.478705171921836
3,[0011],1,[0001],0.07075173720783323,101,-13.356631906948651,-13.776420390422977,-8.305211233845249
3,[0011],10,[1010],0.011370814908401769,105,26.94386366487892,9.625493604822399,-3.609913691177871
3,[0011],0,[0000],0.002526847757422615,109,5.217844654786977,-41.68837634765048,-52.37300184198886
3,[0011],5,[0101],0.006948831332912192,106,-28.34342068784968,-4.901209630021358,-4.388158813595612
3,[0011],9,[1001],0.0018951358180669614,75,0.2523371979582736,3.8686757494287143,-2.643178560309975
3,[0011],8,[1000],0.0006317119393556538,101,20.16832462767611,-4.663610061021037,-12.543928381252943
3,[0011],6,[0110],0.0006317119393556538,64,-3.806822874362697,2.32723513301264,-2.9286032966026188
3,[0011],14,[1110],0.0006317119393556538,64,8.278708249144632,19.296470616181754,2.824840652050495
7,[0111],11,[1011],0.031096563011456628,118,26.327359395599743,6.416044971833636,1.3251336332432397
7,[0111],15,[1111],0.19967266775777415,128,13.52162346355608,16.2056639587401,5.063800904648352
7,[0111],3,[0011],0.12029459901800327,101,15.470057808784745,-9.580859786324535,-4.845942619802036
7,[0111],5,[0101],0.041734860883797055,153,-12.88007813020683,-11.837586486504776,-7.846494544284839
7,[0111],1,[0001],0.008183306055646482,124,1.4417083499083108,-22.55592646481239,-12.277014072597686
7,[0111],4,[0100],0.0016366612111292963,147,-4.081202843099259,-23.763407292567052,-17.963100531341226
7,[0111],6,[0110],0.0024549918166939444,93,12.757287762449753,-6.617234115672117,-6.647494131474696
7,[0111],13,[1101],0.0024549918166939444,99,0.25330452259349484,6.255175918994987,-0.33488326651193123
7,[0111],2,[0010],0.0008183306055646482,129,29.401865690225847,-18.038488281788048,-12.416042797700623
7,[0111],14,[1110],0.0024549918166939444,105,22.93555309671404,11.702969503792584,-0.256054642714858
7,[0111],10,[1010],0.0008183306055646482,150,40.69578491045935,0.23168873742328633,-7.150924150772465
15,[1111],11,[1011],0.0774693350548741,127,14.233803777074005,-10.045787641330303,-4.128787858946463
15,[1111],7,[0111],0.08134280180761781,128,-13.52162346355608,-16.2056639587401,-5.063800904648352
15,[1111],3,[0011],0.010974822466107165,89,1.778777054926125,-25.080266237239872,-9.72110526736153
15,[1111],5,[0101],0.003873466752743706,190,-26.490812882584745,-28.3796482066688,-12.156063955606639
15,[1111],14,[1110],0.010329244673983214,160,11.649980999134964,-3.771150955524572,-4.979145976336957
15,[1111],12,[1100],0.0012911555842479018,160,0.4193512417689217,-15.5936443642615,-11.467699369470857
15,[1111],10,[1010],0.0032278889606197547,193,29.149798047267197,-15.770778875970581,-11.61502192137808
15,[1111],13,[1101],0.010329244673983214,152,-11.93646884340011,-9.822391174910853,-5.165101900489766
15,[1111],9,[1001],0.0012911555842479018,123,2.080832155346302,-20.97988544840801,-9.675747765680548
15,[1111],4,[0100],0.0006455777921239509,190,-16.02297589534632,-39.68502184493702,-23.02785681702304
15,[1111],6,[0110],0.0006455777921239509,105,0.14559249424103982,-20.114623539808846,-10.668542959830223
