network_id,left_d_cross_score,left_i_cross_score,right_d_cross_score,right_i_cross_score,exact_dSPN_pair
1,0.48223482586140926,0.6378267564721456,0.5321908889084614,0.5878706934250935,True
2,0.22435282028707365,0.3055203381288881,0.16715351285809704,0.36271964555786473,True
3,0.32757685014508076,0.4153339349505557,0.2789828123913829,0.46392797270425357,True
4,0.3531026309949886,0.6564779728304477,0.39185101529867816,0.6177295885267582,True
5,-0.0029829037353789473,0.20286163097655366,0.0040651447514467726,0.19581358248972797,True
6,0.3112402814864942,0.47781212205023244,0.35731452205437214,0.4317378814823545,True
7,0.49170012174628763,0.5458324515700577,0.48910929294926797,0.5484232803670772,True
8,0.284796729802477,0.5630322452069275,0.2727742281019314,0.575054746907473,True
9,0.2621671503573835,0.5595670327955409,0.21547516406021094,0.6062590190927135,True
10,0.5237431665358403,0.6109393900988519,0.5530944397015154,0.5815881169331767,True
11,0.33565837732662396,0.5824743889616514,0.34830319146572747,0.5698295748225479,True
12,0.4365523724743464,0.583473500565256,0.44858160481091225,0.5714442682286902,True
13,0.013532340124271389,0.26272458848376207,-0.013903229209907976,0.29016015781794147,True
14,0.2457481421977657,0.3526989400414935,0.18806539982383516,0.41038168241542405,True
15,0.08383509434553535,0.2205560949141671,0.023676980996172083,0.2807142082635304,True
16,0.46253806915805207,0.6721653694490163,0.4903279487909532,0.6443754898161151,True
17,0.2714842867678066,0.5746487679191907,0.3296752364937558,0.5164578181932415,True
18,0.5284416411445749,0.659401532645614,0.5279074406284203,0.6599357331617686,True
19,0.39111847139332145,0.5399016391712266,0.3785894633291579,0.5524306472353901,True
20,0.2785053621944934,0.3937902733928341,0.1866152950737037,0.48568034051362385,True
21,0.26127064093268926,0.5263701572295834,0.2801782510469533,0.5074625471153192,True
22,0.42466646522788376,0.5649636929704743,0.44847592442218553,0.5411542337761726,True
23,0.33639612301355937,0.488864544199341,0.31285019986987306,0.5124104673430273,True
24,0.26042077452252455,0.4806486028252499,0.24404000606728402,0.4970293712804904,True
25,0.3754932896522632,0.4270849277589699,0.371065642422331,0.43151257498890205,False
26,0.14424196637928535,0.19049281431267745,0.10916702661281505,0.22556775407914775,True
27,0.3945918051369501,0.5931087808785138,0.346230120286852,0.641470465728612,True
28,0.4247756504966404,0.5769770031847627,0.42818706124628886,0.5735655924351144,True
29,0.5368168472798742,0.6621529198510943,0.5398304028712948,0.6591393642596737,True
30,0.3630758439674763,0.5942198495433941,0.4344679715207548,0.5228277219901156,True
31,0.4411897633479902,0.6089142833194933,0.4683552252332165,0.581748821434267,True
32,0.41942219026355815,0.5026099762417569,0.3696194892900577,0.5524126772152572,True
33,0.2706773307450588,0.5097282322604738,0.29306480965234794,0.4873407533531846,True
34,0.531997914088202,0.5495615205636406,0.5126583339885283,0.5689011006633141,True
35,0.6687216847315174,0.7427850198568784,0.6587444582772504,0.7527622463111454,True
36,0.5168349727543347,0.5843886375161118,0.5485082112675346,0.5527153990029118,False
37,0.2719481839548255,0.5932448219723476,0.2945970603871078,0.5705959455400653,True
38,0.5812004617059998,0.6563620009246905,0.5663266942813067,0.6712357683493837,True
39,0.5639235490145049,0.6830733605273015,0.546609535614373,0.7003873739274333,True
40,0.6513928518711349,0.7516862943879132,0.7011087627293279,0.7019703835297204,False
41,0.43736175396255933,0.5546036955546865,0.47025566204294,0.5217097874743059,True
42,0.4022455344375252,0.5669636172771785,0.41923777117216066,0.5499713805425429,True
43,0.5431816526718112,0.6424891664805437,0.5229370090251451,0.6627338101272099,True
44,0.4267908823669574,0.5191557064642346,0.40583926050907504,0.5401073283221169,True
45,0.2945403105930099,0.5269536562551875,0.2643768689694252,0.5571170978787722,True
46,0.27789179377995893,0.6706373281339933,0.3940972234605225,0.5544318984534299,True
47,0.6068635496691155,0.7153268714217864,0.6104001907924783,0.7117902302984236,True
48,0.642607829456903,0.6870654695658667,0.6213461391204573,0.7083271599023123,True
49,0.5571897681051721,0.6658937688499007,0.5631109225079546,0.6599726144471181,True
50,0.6929639426985529,0.7623205026624814,0.6685671702185767,0.7867172751424576,True
51,0.22937505291212212,0.5385997996045881,0.227685787175674,0.5402890653410363,True
52,0.6139265316912992,0.7123199787623951,0.5925104601292162,0.7337360503244779,True
53,0.487787547337628,0.6653399668227075,0.4394669967635874,0.7136605173967481,True
54,0.5195078554768476,0.6070471198507388,0.5469875339697707,0.5795674413578157,True
55,0.5912723791864107,0.7230186596959758,0.6316921286271446,0.6825989102552419,True
56,0.6249006837015941,0.6902770003800982,0.6383390275959033,0.676838656485789,True
57,0.612213047021918,0.6883771068547699,0.6290102559635338,0.6715798979131541,True
58,0.5210957285637292,0.5517418422980979,0.5207142233374914,0.5521233475243357,False
59,0.5758530131318159,0.6772247129742639,0.5936633004506984,0.6594144256553816,False
60,0.2785718737074707,0.4776649437931262,0.2339870829890901,0.5222497345115068,True
61,0.10719596936107716,0.592044488720223,0.19713407355137402,0.5021063845299262,True
62,0.5954382351008449,0.7033140478807884,0.5918566768330005,0.706895606148633,True
63,0.5144720120716157,0.6145412930909793,0.5125662783585366,0.6164470268040583,True
64,0.6737014694021484,0.754585653135335,0.6566356166393146,0.7716515058981687,True
65,0.6155586274114179,0.6410661778436821,0.569320466335288,0.6873043389198119,True
66,0.617862425846229,0.6603201012535287,0.6229517051465983,0.6552308219531595,False
67,0.555861029764681,0.6612816471609219,0.5427879819717072,0.6743546949538956,True
68,0.4353813941177221,0.6084583548914296,0.47637338325607625,0.5674663657530755,True
69,0.6352280266660506,0.6509197067161316,0.6412466384140274,0.6449010949681547,False
70,0.6425267514457071,0.7481123380601615,0.6708575765577083,0.7197815129481604,True
71,0.6150000598945894,0.6562972258337443,0.5784667350481636,0.6928305506801702,True
72,0.6233929265370377,0.6848217150365307,0.6138341808044311,0.6943804607691373,True
73,0.466165303554175,0.6083636791249407,0.486970953042137,0.5875580296369787,True
74,0.5752172775050213,0.6753116031290698,0.6023878879154143,0.6481409927186768,True
75,0.6096708932887555,0.6906274024733561,0.5980337432403215,0.7022645525217901,True
76,0.5000951247739669,0.7226546578828765,0.5157508921498983,0.7069988905069451,True
77,0.5492594043645,0.651006596388217,0.5572580900937705,0.6430079106589466,True
78,0.6983324694819381,0.7908157193796539,0.7108556326131552,0.7782925562484367,True
79,0.6394503793456566,0.6427413828387853,0.6029916471534849,0.6792001150309572,True
80,0.5908549613461014,0.7357542431255966,0.6274656233282412,0.6991435811434568,True
81,0.6194353820549798,0.6751970996852164,0.6373695223203721,0.6572629594198239,True
82,0.22639802305844298,0.592413491695759,0.2995602888175661,0.5192512259366358,True
83,0.26846915261396415,0.6125537474971514,0.29966236076731134,0.5813605393438042,True
84,0.5747161841593426,0.6530164256269975,0.515506508689699,0.7122261010966411,True
85,0.6137198771646575,0.6576982689435149,0.609093335590095,0.6623248105180773,True
86,0.4387469650164811,0.5426993560321893,0.44888294150148794,0.5325633795471826,True
87,0.6522006741685933,0.7052472975786571,0.6564069385536633,0.701041033193587,True
88,0.5365974473381308,0.6491035032142662,0.5369377892516805,0.6487631613007164,True
89,0.3133752765949794,0.4766774181186377,0.32485643693781274,0.4651962577758044,True
90,0.5653511360737542,0.7230477943975817,0.5493450069562935,0.7390539235150424,True
91,0.19896044624198272,0.46585289089705645,0.19838262135461257,0.46643071578442663,True
92,0.5529225294251785,0.6816102246582698,0.5164590937419253,0.7180736603415229,True
93,0.4964779006367149,0.6474561009227935,0.5337933361764726,0.6101406653830357,True
94,0.507605589346152,0.6949201409356272,0.5225063909787391,0.6800193393030403,True
95,0.6605968442790251,0.7375996894681142,0.6602191213802926,0.7379774123668468,True
96,0.413145783071999,0.6507117617289215,0.46505023909797777,0.5988073057029428,True
97,0.505185029596873,0.6755871728489151,0.5037334240129747,0.6770387784328136,True
98,0.5694890046882323,0.6684663574374126,0.5623995520318119,0.6755558100938328,True
99,0.36059461721593317,0.5943080396365317,0.33020821631977354,0.6246944405326913,True
100,0.5173562488654984,0.6811278860557735,0.5161239728641016,0.6823601620571702,True
101,0.45080902555247443,0.6392157713450464,0.46622976792470094,0.6237950289728198,True
102,0.6124344027672746,0.6382479971378625,0.6149237169885918,0.6357586829165454,False
103,0.6178057068722963,0.6712335566987195,0.6070310972899529,0.6820081662810629,True
104,0.5457677857528518,0.6416983772209219,0.5482383212660411,0.6392278417077327,True
105,0.5306406283151809,0.677892573793651,0.5666336150586588,0.6418995870501729,True
106,0.514138582113324,0.6372699844444321,0.49194069677581287,0.6594678697819432,True
107,0.49484335618919517,0.7070280183621662,0.4884535411042633,0.7134178334470981,True
108,0.631861253854695,0.6534901299260993,0.6060812490005512,0.6792701347802433,True
109,0.3447307702988629,0.6056375175458046,0.36462124402156465,0.5857470438231028,True
110,-0.0653192123558707,0.26336781137477144,-0.062441800336511706,0.2604903993554124,True
111,0.5437994510393085,0.7209823489981431,0.5398278239788519,0.7249539760585997,True
112,0.5719388342149542,0.736856371586649,0.6021585230397264,0.7066366827618766,True
113,0.5316257711902229,0.7025816568105732,0.49647952102095183,0.7377279069798444,True
114,0.536134184773263,0.645830741098657,0.5605663788864705,0.6213985469854496,True
115,0.6007699804996824,0.6401695650738529,0.605995095351154,0.6349444502223813,True
116,0.6396898975719256,0.7545689811800258,0.6366530934694614,0.7576057852824898,True
117,0.5493280476592532,0.6085400107242072,0.5754009965349448,0.5824670618485155,False
118,0.5691701956271286,0.6184868350407398,0.5147143407436576,0.6729426899242106,True
119,0.6427325774706255,0.6898418121652287,0.6389523194113906,0.6936220702244635,True
120,0.6032835965854817,0.654843496836225,0.581833294281197,0.6762937991405098,True
121,0.5322908149401256,0.6358390391386033,0.5368791518285451,0.6312507022501836,True
122,0.4869664813739958,0.5562036436213775,0.5159369712754983,0.527233153719875,False
123,0.6052893005529714,0.6512132750408337,0.6183944524456345,0.6381081231481704,False
124,0.3612792452014384,0.5897311874393866,0.34352063247723896,0.607489800163586,True
125,0.5993373660553202,0.6200893824847042,0.550524603754464,0.6689021447855605,True
126,0.5692525747335848,0.676765294575473,0.6106518546793017,0.6353660146297563,True
127,0.591686825229933,0.6803568236617661,0.5681685465415566,0.7038751023501426,True
128,0.47716836533647056,0.595489813850959,0.48509175985389585,0.5875664193335335,True
129,0.612528136767472,0.6702303629510038,0.6166522338999261,0.6661062658185497,True
130,0.5776082900505217,0.639956438878575,0.5693136732761893,0.6482510556529075,True
131,0.6102201620818959,0.6190566612107464,0.5701588717091508,0.6591179515834915,True
132,0.5703071532046731,0.6797833023671275,0.5628510771065495,0.687239378465251,True
133,0.5751553478164697,0.624254030498784,0.5861731399019714,0.6132362384132822,False
134,0.5670038580829613,0.7139063541595315,0.6080777799959154,0.6728324322465775,True
135,0.49113317276967167,0.527758383533071,0.5023566551838193,0.5165349011189233,True
136,0.5495601671714195,0.5887886712465171,0.5355235682295647,0.602825270188372,True
137,0.36277237434155984,0.48440523622810006,0.3282068500690803,0.5189707605005796,True
138,0.5435685483258541,0.5841584213377368,0.5065578011431519,0.6211691685204392,True
139,0.4002064644153841,0.6410723726517411,0.41546882923973827,0.6258100078273868,True
140,0.5256703138739292,0.7013539946433638,0.5673984763960935,0.6596258321211993,True
141,0.3794192480612559,0.6208693691266951,0.39650256645549287,0.6037860507324582,True
142,0.5346115868438801,0.6646839002971909,0.5356702486196353,0.6636252385214358,True
143,0.5623453839305038,0.7106132243632683,0.5366753343889492,0.7362832739048231,True
144,0.5707828588958692,0.5921203748810004,0.5405862997633484,0.6223169340135211,True
145,0.5259252208563117,0.676794951666054,0.5160250682083826,0.6866951043139831,True
146,0.6529526411933041,0.686007739754425,0.5932794601314703,0.7456809208162589,True
147,0.5806107283029583,0.6802606458229665,0.5212866203496782,0.7395847537762468,True
148,0.5678883356923735,0.7062676622572406,0.5570493847738827,0.7171066131757315,True
149,0.5482027579033654,0.636533070496125,0.5564814042383566,0.6282544241611336,True
150,0.6054074839992973,0.7111558797580984,0.644508778915502,0.6720545848418936,True
151,0.5992434467650452,0.6828513197701992,0.5997145112608899,0.6823802552743544,True
152,0.6450480330202774,0.7447695595328903,0.6182022091278816,0.7716153834252861,True
153,0.5817135060152987,0.6880772967421591,0.5916613793935028,0.6781294233639551,True
154,0.6247054327632507,0.7405169336880293,0.6552741239628141,0.709948242488466,True
155,0.600846441397769,0.6785190451923833,0.6205671981070511,0.6587982884831012,True
156,0.5896461054997613,0.6253830616441298,0.5347493200619493,0.6802798470819418,True
157,0.7246523588903433,0.7526516108547563,0.7106510759726867,0.7666528937724129,True
158,0.6180543695731762,0.7038213460182753,0.6067619739261185,0.715113741665333,True
159,0.570290518093699,0.6932688430895686,0.6020988436249615,0.6614605175583061,True
160,0.6832755820069829,0.7102755541721731,0.6290431296764852,0.764508006502671,True
161,0.5879116600663674,0.6026306754323425,0.5907072362812285,0.5998350992174815,True
162,0.5285030225937768,0.6470119291095691,0.5540322808455138,0.621482670857832,True
163,0.6811860763702098,0.7011774097750261,0.6760564283292242,0.7063070578160117,True
164,0.4811322225103522,0.519541794327687,0.4754921066925699,0.5251819101454693,False
165,0.622307577518489,0.6301540165445831,0.6099519677281396,0.6425096263349324,True
166,0.6431006124590781,0.7194657588578892,0.568541235113873,0.7940251362030946,True
167,0.501709111233946,0.6876157296830108,0.5587434278200895,0.6305814130968673,True
168,0.537735531342459,0.60979829288729,0.5674195307316102,0.5801142934981389,False
169,0.5070244131732815,0.7453663518501195,0.4975365201518973,0.7548542448715034,True
170,0.43242834560425886,0.7456009099613186,0.5025752517905291,0.6754540037750484,True
171,0.5074318405765914,0.6269930110397105,0.5601995943806044,0.5742252572356976,False
172,0.6428016776473955,0.6837375647305904,0.6262428775416736,0.7002963648363123,True
173,0.4230142751282121,0.576165523839121,0.39879285591772373,0.6003869430496094,True
174,0.5481735206528374,0.6493466052842412,0.5439449777892763,0.6535751481478023,True
175,0.47849737384364477,0.7254672648388865,0.4698619539325204,0.7341026847500108,True
176,0.5320923351737891,0.7146773425110281,0.5735185566354517,0.6732511210493655,True
177,0.6364385581980373,0.7034994467979749,0.594898953939867,0.7450390510561451,True
178,0.5769428313382675,0.6746166743175313,0.591797879617675,0.6597616260381236,True
179,0.5382782463011846,0.6389694461137843,0.5147947956059997,0.6624528968089691,True
180,0.5484704699717877,0.7198428066695521,0.5297718179295908,0.7385414587117491,True
181,0.6168065207766287,0.7117700965108131,0.6233670758158739,0.7052095414715678,True
182,0.3358049957309992,0.3734134334700847,0.319802595099563,0.38941583410152086,False
183,0.6010361586866615,0.6108039831416328,0.6002808293322875,0.6115593124960068,False
184,0.4914600400370248,0.5296065876282539,0.49777557023980235,0.5232910574254763,True
185,0.7045884418699884,0.7298539924181534,0.7171701271654375,0.7172723071227044,True
186,0.6706558719112136,0.6992958529066451,0.6795877983810338,0.6903639264368251,True
187,0.5675377652550545,0.6631695128969375,0.5539467173701719,0.6767605607818201,True
188,0.44878103723151525,0.589228526916948,0.43240090376615353,0.6056086603823096,True
189,0.5198013856875525,0.6896740482905339,0.5697312299275296,0.6397442040505568,True
190,0.6694171460614788,0.6846051540245284,0.6594048692852306,0.6946174308007764,False
191,0.20426113563342188,0.3876869314027615,0.14649879204869332,0.44544927498749004,True
192,0.5217088851937657,0.5588629530740514,0.47836708262870253,0.6022047556391146,True
193,0.5150748111639054,0.6770851675175873,0.5659156348423808,0.6262443438391119,True
194,0.3791376258325736,0.5240477363766356,0.43113114257466834,0.47205421963454086,False
195,0.5991049438306086,0.6252707015082286,0.6041179165256692,0.6202577288131681,False
196,0.6498844919154887,0.6718391369835149,0.5872301797149317,0.7344934491840718,True
197,0.4961574315478996,0.5112359866725903,0.47492719784519444,0.5324662203752955,False
198,0.5679658730022192,0.6625543594342473,0.5730682322032659,0.6574520002332007,True
199,0.6389737390114731,0.660695678937038,0.6491174867569929,0.6505519311915183,True
200,0.5527182518187101,0.6010418949076364,0.5499033659904776,0.6038567807358688,False
201,0.6286654680908108,0.7034115603848001,0.6208769620533872,0.7112000664222238,True
202,0.5597519489355696,0.7165734084550701,0.602034786075851,0.6742905713147888,True
203,0.5731176307866325,0.6100672305105685,0.5878651529744365,0.5953197083227646,True
204,0.6278152976340317,0.7109657058763224,0.6529123139622188,0.6858686895481354,True
205,0.5493465678980082,0.6563031997941481,0.5183981003974555,0.6872516672947008,True
206,0.61278345331034,0.6373396237667888,0.5974398694291392,0.6526832076479896,True
207,0.5785121630103087,0.6700400564552321,0.6086324030429271,0.6399198164226136,True
208,0.6054164231344982,0.6649883611523979,0.5853341378313925,0.6850706464555034,True
209,0.5642568333628487,0.5982133240432304,0.5284239943569754,0.6340461630491037,False
210,0.5789981761715788,0.5982234922551569,0.5200888306481133,0.6571328377786223,True
211,0.5772067652578763,0.612603172210086,0.5544312189024878,0.6353787185654742,True
212,0.43129496073588997,0.47318245624129684,0.44718173828887753,0.45729567868830934,True
213,0.6406835282986904,0.7114778470105452,0.6058775514482528,0.7462838238609826,True
214,0.6251975681403901,0.6318546242097169,0.5880396525643155,0.6690125397857914,True
215,0.6317270958962684,0.682832480451073,0.6519071210455336,0.662652455301808,False
216,0.38374248001044076,0.7029038750792939,0.45775197858564776,0.6288943765040869,True
217,0.5636410591445496,0.726387455566773,0.5360099894156509,0.7540185252956718,True
218,0.5638735663269199,0.5904755014218898,0.5549930339071931,0.5993560338416164,True
219,0.6340654070535685,0.672773663183821,0.5913714796384355,0.7154675905989539,True
220,0.6234998520010971,0.6369209279215773,0.587020499204339,0.6734002807183355,True
221,0.4651912188408074,0.6052694971110342,0.5336365536984867,0.5368241622533547,True
222,0.5881863883038303,0.6771598986628942,0.6052111018806519,0.6601351850860728,True
223,0.6569297628138937,0.7042077567943235,0.6346026219198391,0.7265348976883782,True
224,0.6531211187211055,0.7271261428672668,0.6512521569902434,0.7289951045981289,True
225,0.6243847947415835,0.6629087815269936,0.576552322140653,0.7107412541279241,True
226,0.5907292287690197,0.6783569393005467,0.5683267182193287,0.7007594498502379,True
227,0.5981466373778563,0.6318502380885772,0.5594885220435359,0.6705083534228977,True
228,0.6409451042738695,0.7251871065856201,0.6459302554048623,0.7202019554546275,True
229,0.6524419524549421,0.7610339186389699,0.6762649393743648,0.7372109317195471,True
230,0.6771360235220103,0.7243544708157393,0.6847487479256833,0.7167417464120662,True
231,0.5346786523857149,0.5868905606052655,0.5317969012999555,0.589772311691025,True
232,0.5909128971707447,0.6931802056001843,0.6192365034847155,0.6648565992862135,True
233,0.6100325263986157,0.6504484260686356,0.6249699423450008,0.6355110101222504,False
234,0.5113683212345699,0.5805837629599409,0.4963278134067528,0.5956242707877579,False
235,0.6291921564150511,0.6681172762786631,0.6261179318447493,0.6711915008489648,True
236,0.7192612816818802,0.7893106364718886,0.7128984056127052,0.7956735125410637,True
237,0.585897954708914,0.6601901129916614,0.5800672251810384,0.6660208425195371,True
238,0.5636930156857585,0.6196876500322291,0.528234300747835,0.6551463649701528,True
239,0.5970124405264927,0.672009854899867,0.5948420984926966,0.6741801969336629,True
240,0.6788499861148871,0.7430113019988331,0.6627672793798789,0.7590940087338414,True
241,0.6299519941908829,0.6805341359858021,0.5898996503500609,0.7205864798266242,True
242,0.5979375345685316,0.6727194355302819,0.6272915018355603,0.643365468263253,True
243,0.23337949536740288,0.543795785043959,0.2193652208081332,0.5578100596032286,True
244,0.569339627651651,0.6643985706517368,0.5639291165567026,0.6698090817466851,True
245,0.6295440276402439,0.6483313452503618,0.5739669579079993,0.7039084149826065,True
246,0.35918358139560713,0.5049320775755313,0.33065978817454833,0.5334558707965901,True
247,0.47042085168549364,0.6449620295959828,0.4504175356981424,0.6649653455833341,True
248,0.5418211544567688,0.7005285285060292,0.5542305850370619,0.6881190979257359,True
249,0.42895004115126145,0.5815419580706636,0.40144264869601226,0.6090493505259127,True
250,0.5144566273655071,0.6492066909901288,0.5445181116439777,0.6191452067116583,True
251,0.5319482310644397,0.6413989848622494,0.49946819899165074,0.6738790169350382,True
252,0.5510536728782001,0.6764274496583462,0.5582668454863046,0.6692142770502418,True
253,0.6486330506317922,0.7222619743035346,0.62281614734815,0.7480788775871767,True
254,0.5259286516888564,0.6379561359798356,0.5365065931024605,0.6273781945662313,True
255,0.6729027400781908,0.7006342511728434,0.6407506529396063,0.7327863383114279,True
256,0.5547166553589593,0.6318397128420564,0.5842483787230552,0.6023079894779604,True
257,0.5900141224376605,0.6382923596756794,0.6090603775215481,0.6192461045917917,True
258,0.4948305569441454,0.6102404893862067,0.48504637678377943,0.6200246695465725,True
259,0.5105410928717034,0.6553765680569088,0.5166185678026244,0.6492990931259879,True
260,0.5587081724533189,0.5589312167076645,0.535454086323466,0.5821853028375172,False
261,0.5589289985040392,0.6561645482989313,0.5831694583738711,0.6319240884290993,True
262,0.5381881990356203,0.6425286190925659,0.5384793641116455,0.6422374540165405,True
263,0.5261852519317625,0.5548055416121327,0.5274281833410708,0.5535626102028246,False
264,0.5757538053812834,0.7292084346367165,0.5619112226764578,0.7430510173415422,True
265,0.5938863048758365,0.6514226961055261,0.5722560319496361,0.6730529690317264,True
266,0.5503297682533383,0.6930442196729871,0.5157334730112334,0.727640514915092,True
267,0.5666757498516659,0.6872343273395072,0.6038807521389438,0.6500293250522293,True
268,0.5269034646600003,0.7438302004251398,0.5333414119396437,0.7373922531454964,True
269,0.5834191538044746,0.7219610829689501,0.5450689965269884,0.7603112402464363,True
270,0.5241846088109359,0.7828386242469481,0.5840172901206702,0.7230059429372138,True
271,0.5462757998480195,0.7296087900113726,0.5627979965508944,0.7130865933084978,True
272,0.5384319454376978,0.7764915984852998,0.6256571207262696,0.6892664231967279,True
273,0.5957872989498669,0.6821946798253331,0.6051135329085215,0.6728684458666784,True
274,0.5043498131913404,0.7005435825877879,0.5330279436613865,0.6718654521177417,True
275,0.5890164047895191,0.6755730977738154,0.5567947885728017,0.7077947139905327,True
276,0.5934660218511105,0.677517497965457,0.5589772086246789,0.7120063111918888,True
277,0.5914626148126256,0.6810540900533195,0.6144448706774306,0.6580718341885143,True
278,0.5720849678363402,0.7395883697699905,0.6167993707340433,0.6948739668722873,True
279,0.4157193620272261,0.6234995685268121,0.386771180947952,0.6524477496060861,True
280,0.4196641246491205,0.5904825940298517,0.42522521988474277,0.5849214987942295,True
281,0.6467121389428331,0.6531028561773369,0.6096949629836173,0.6901200321365526,True
282,0.5131129347701363,0.7162712613902796,0.5062100059345822,0.7231741902258337,True
283,0.6352500897024842,0.663100885041031,0.6383723010748208,0.6599786736686946,True
284,0.6630721377619132,0.7110558748635183,0.6487309725916752,0.7253970400337562,True
285,0.6208446838288291,0.66758631074805,0.6232149049317979,0.6652160896450809,True
286,0.4634912982528947,0.616645019634087,0.4259404662231707,0.6541958516638111,True
287,0.5348523055376824,0.6284002882013584,0.512480020955271,0.6507725727837697,True
288,0.4092270457187379,0.5918454257178676,0.408338669098049,0.5927338023385565,True
289,0.5988491587262245,0.7560831679380506,0.6409292105467215,0.7140031161175536,True
290,0.5659358151433891,0.701003051156359,0.571120023097221,0.6958188432025272,True
291,0.5219980062183294,0.675643729051534,0.4808544330053971,0.7167873022644663,True
292,0.028031151727022946,0.3536641993791756,0.08889447076709558,0.29280088033910295,True
293,0.5532259520665632,0.6024695203714969,0.5209133512977122,0.6347821211403479,True
294,0.49786477292728704,0.7008065741965237,0.4960784529271348,0.7025928941966759,True
295,0.5622274189758728,0.6807817802302568,0.5325966368638178,0.7104125623423119,True
296,0.6319301765090513,0.7102993680678679,0.6042732609085626,0.7379562836683566,True
297,0.5754683751001213,0.7878923532471886,0.6331232958820693,0.7302374324652406,True
298,0.6727187988887249,0.6891845942233423,0.62349406820759,0.7384093249044772,True
299,0.5763584914539538,0.7147650843597487,0.5685439713319608,0.7225796044817419,True
300,0.5429812172557601,0.614194731368916,0.4855043348910988,0.6716716137335774,True
