ccf_ap	ccf_dv	ccf_lr	allen_ontology
5667.7	4353.5	5273.7	PT
5688.9	4353.5	5249.8	PT
5651	4335.2	5280.4	PT
5672.3	4335.2	5256.4	PT
5655.6	4316.9	5263.1	PT
5676.8	4316.9	5239.1	PT
5639	4298.6	5269.7	PT
5660.2	4298.6	5245.8	PT
5643.6	4280.3	5252.4	PT
5664.8	4280.3	5228.5	PT
5627	4262	5259.1	PT
5648.2	4262	5235.1	PT
5631.5	4243.6	5241.8	PT
5652.8	4243.6	5217.8	PT
5614.9	4225.3	5248.4	PT
5636.1	4225.3	5224.4	PT
5619.5	4207	5231.1	PT
5640.7	4207	5207.1	PT
5602.9	4188.7	5237.7	PT
5624.1	4188.7	5213.8	PT
5607.4	4170.4	5220.4	PT
5628.7	4170.4	5196.5	PT
5590.8	4152.1	5227.1	PT
5612	4152.1	5203.1	PT
5595.4	4133.8	5209.8	PT
5616.6	4133.8	5185.8	PT
5578.8	4115.5	5216.4	PT
5600	4115.5	5192.4	PT
5583.4	4097.2	5199.1	PT
5604.6	4097.2	5175.1	PT
5566.7	4078.8	5205.7	PT
5587.9	4078.8	5181.8	PT
5571.3	4060.5	5188.4	PT
5592.5	4060.5	5164.5	PT
5554.7	4042.2	5195.1	PT
5575.9	4042.2	5171.1	PT
5580.5	4023.9	5153.8	PT
5542.6	4005.6	5184.4	PT
5563.9	4005.6	5160.5	PT
5547.2	3987.3	5167.1	PT
5568.4	3987.3	5143.1	PT
5530.6	3969	5173.8	PT
5551.8	3969	5149.8	PT
5535.2	3950.7	5156.4	PT
5556.4	3950.7	5132.5	PT
5518.6	3932.4	5163.1	PT
5539.8	3932.4	5139.1	PT
5523.1	3914	5145.8	PT
5544.4	3914	5121.8	PT
5506.5	3895.7	5152.4	PT
5527.7	3895.7	5128.5	root
5511.1	3877.4	5135.1	root
5532.3	3877.4	5111.2	root
5494.5	3859.1	5141.8	root
5515.7	3859.1	5117.8	root
5499.1	3840.8	5124.4	root
5520.3	3840.8	5100.5	root
5482.4	3822.5	5131.1	root
5503.6	3822.5	5107.1	root
5487	3804.2	5113.8	root
5508.2	3804.2	5089.8	root
5470.4	3785.9	5120.4	root
5491.6	3785.9	5096.5	root
5475	3767.6	5103.1	root
5496.2	3767.6	5079.2	root
5458.3	3749.2	5109.8	root
5479.6	3749.2	5085.8	root
5462.9	3730.9	5092.5	root
5484.1	3730.9	5068.5	root
5446.3	3712.6	5099.1	root
5467.5	3712.6	5075.1	root
5450.9	3694.3	5081.8	root
5472.1	3694.3	5057.8	root
5434.3	3676	5088.4	root
5438.8	3657.7	5071.1	root
5460.1	3657.7	5047.2	root
5422.2	3639.4	5077.8	root
5443.4	3639.4	5053.8	root
5426.8	3621.1	5060.5	root
5448	3621.1	5036.5	root
5410.2	3602.7	5067.1	LSc
5431.4	3602.7	5043.2	LSc
5414.7	3584.4	5049.8	LSc
5436	3584.4	5025.8	LSc
5398.1	3566.1	5056.4	LSc
5419.3	3566.1	5032.5	LSc
5402.7	3547.8	5039.1	LSc
5423.9	3547.8	5015.2	LSc
5386.1	3529.5	5045.8	LSc
5407.3	3529.5	5021.8	LSc
5390.7	3511.2	5028.5	LSc
5411.9	3511.2	5004.5	LSc
5374	3492.9	5035.1	LSc
5395.2	3492.9	5011.2	LSc
5378.6	3474.6	5017.8	LSc
5399.8	3474.6	4993.9	LSc
5362	3456.3	5024.5	LSc
5383.2	3456.3	5000.5	LSc
5366.6	3437.9	5007.1	LSc
5387.8	3437.9	4983.2	LSc
5349.9	3419.6	5013.8	LSc
5371.2	3419.6	4989.8	LSc
5354.5	3401.3	4996.5	LSc
5375.7	3401.3	4972.5	LSc
5337.9	3383	5003.1	LSc
5359.1	3383	4979.2	LSc
5342.5	3364.7	4985.8	LSc
5363.7	3364.7	4961.9	LSc
5325.9	3346.4	4992.5	LSc
5347.1	3346.4	4968.5	LSc
5351.7	3328.1	4951.2	LSc
5313.8	3309.8	4981.8	LSc
5335	3309.8	4957.8	LSc
5318.4	3291.5	4964.5	LSc
5339.6	3291.5	4940.5	LSc
5301.8	3273.1	4971.1	LSc
5323	3273.1	4947.2	LSc
5306.4	3254.8	4953.8	LSc
5327.6	3254.8	4929.9	LSc
5289.7	3236.5	4960.5	LSc
5310.9	3236.5	4936.5	LSc
5294.3	3218.2	4943.2	LSc
5315.5	3218.2	4919.2	LSc
5277.7	3199.9	4949.8	LSc
5298.9	3199.9	4925.9	LSc
5282.3	3181.6	4932.5	LSc
5303.5	3181.6	4908.5	LSc
5265.6	3163.3	4939.1	LSc
5286.9	3163.3	4915.2	LSc
5270.2	3145	4921.8	LSc
5291.4	3145	4897.9	LSc
5253.6	3126.7	4928.5	LSc
5274.8	3126.7	4904.5	LSc
5258.2	3108.3	4911.2	LSc
5279.4	3108.3	4887.2	LSc
5241.6	3090	4917.8	LSc
5262.8	3090	4893.9	LSc
5246.1	3071.7	4900.5	LSc
5267.3	3071.7	4876.5	LSc
5229.5	3053.4	4907.2	LSc
5250.7	3053.4	4883.2	root
5234.1	3035.1	4889.8	root
5255.3	3035.1	4865.9	root
5217.5	3016.8	4896.5	root
5238.7	3016.8	4872.5	root
5222	2998.5	4879.2	root
5243.3	2998.5	4855.2	root
5205.4	2980.2	4885.8	root
5210	2961.9	4868.5	root
5231.2	2961.9	4844.6	root
5193.4	2943.5	4875.2	root
5214.6	2943.5	4851.2	root
5198	2925.2	4857.8	root
5219.2	2925.2	4833.9	root
5181.3	2906.9	4864.5	root
5202.5	2906.9	4840.5	root
5185.9	2888.6	4847.2	root
5207.1	2888.6	4823.2	root
5169.3	2870.3	4853.8	root
5190.5	2870.3	4829.9	root
5173.9	2852	4836.5	root
5195.1	2852	4812.6	root
5157.2	2833.7	4843.2	root
5178.5	2833.7	4819.2	root
5161.8	2815.4	4825.9	root
5183	2815.4	4801.9	root
5145.2	2797	4832.5	root
5166.4	2797	4808.5	root
5149.8	2778.7	4815.2	root
5171	2778.7	4791.2	root
5133.2	2760.4	4821.8	root
5154.4	2760.4	4797.9	root
5137.7	2742.1	4804.5	root
5159	2742.1	4780.6	root
5121.1	2723.8	4811.2	root
5142.3	2723.8	4787.2	root
5125.7	2705.5	4793.9	root
5146.9	2705.5	4769.9	root
5109.1	2687.2	4800.5	root
5130.3	2687.2	4776.6	root
5113.7	2668.9	4783.2	root
5134.9	2668.9	4759.2	root
5097	2650.6	4789.8	root
5118.2	2650.6	4765.9	root
5122.8	2632.2	4748.6	root
5085	2613.9	4779.2	root
5106.2	2613.9	4755.2	root
5089.6	2595.6	4761.9	root
5110.8	2595.6	4737.9	root
5072.9	2577.3	4768.5	root
5094.2	2577.3	4744.6	root
5077.5	2559	4751.2	root
5098.7	2559	4727.3	root
5060.9	2540.7	4757.9	root
5082.1	2540.7	4733.9	root
5065.5	2522.4	4740.5	root
5086.7	2522.4	4716.6	root
5048.9	2504.1	4747.2	root
5070.1	2504.1	4723.2	root
5053.4	2485.8	4729.9	root
5074.6	2485.8	4705.9	root
5036.8	2467.4	4736.5	root
5058	2467.4	4712.6	root
5041.4	2449.1	4719.2	root
5062.6	2449.1	4695.3	root
5024.8	2430.8	4725.9	root
5046	2430.8	4701.9	root
5029.3	2412.5	4708.6	root
5050.6	2412.5	4684.6	root
5012.7	2394.2	4715.2	root
5033.9	2394.2	4691.2	root
5017.3	2375.9	4697.9	root
5038.5	2375.9	4673.9	root
5000.7	2357.6	4704.5	root
5021.9	2357.6	4680.6	root
5005.3	2339.3	4687.2	root
5026.5	2339.3	4663.3	root
4988.6	2321	4693.9	root
5009.8	2321	4669.9	root
4993.2	2302.6	4676.6	root
5014.4	2302.6	4652.6	root
4976.6	2284.3	4683.2	root
4981.2	2266	4665.9	root
5002.4	2266	4641.9	root
4964.5	2247.7	4672.5	root
4985.8	2247.7	4648.6	root
4969.1	2229.4	4655.2	root
4990.3	2229.4	4631.3	root
4952.5	2211.1	4661.9	root
4973.7	2211.1	4637.9	root
4957.1	2192.8	4644.6	root
4978.3	2192.8	4620.6	root
4940.5	2174.5	4651.2	root
4961.7	2174.5	4627.3	root
4945	2156.2	4633.9	root
4966.3	2156.2	4609.9	root
4928.4	2137.8	4640.6	root
4949.6	2137.8	4616.6	root
4933	2119.5	4623.2	root
4954.2	2119.5	4599.3	root
4916.4	2101.2	4629.9	root
4937.6	2101.2	4605.9	root
4921	2082.9	4612.6	root
4942.2	2082.9	4588.6	root
4904.3	2064.6	4619.2	root
4925.5	2064.6	4595.3	root
4908.9	2046.3	4601.9	root
4930.1	2046.3	4578	root
4892.3	2028	4608.6	root
4913.5	2028	4584.6	root
4896.9	2009.7	4591.3	MOp
4918.1	2009.7	4567.3	MOp
4880.2	1991.3	4597.9	MOp
4901.5	1991.3	4573.9	MOp
4884.8	1973	4580.6	MOp
4906	1973	4556.6	MOp
4868.2	1954.7	4587.2	MOp
4889.4	1954.7	4563.3	MOp
4894	1936.4	4546	MOp
4856.2	1918.1	4576.6	MOp
4877.4	1918.1	4552.6	MOp
4860.7	1899.8	4559.3	MOp
4881.9	1899.8	4535.3	MOp
4844.1	1881.5	4565.9	MOp
4865.3	1881.5	4541.9	MOp
4848.7	1863.2	4548.6	MOp
4869.9	1863.2	4524.6	MOp
4832.1	1844.9	4555.2	MOp
4853.3	1844.9	4531.3	MOp
4836.6	1826.5	4537.9	MOp
4857.9	1826.5	4514	MOp
4820	1808.2	4544.6	MOp
4841.2	1808.2	4520.6	MOp
4824.6	1789.9	4527.3	MOp
4845.8	1789.9	4503.3	MOp
4808	1771.6	4533.9	MOp
4829.2	1771.6	4510	MOp
4812.6	1753.3	4516.6	MOp
4833.8	1753.3	4492.6	MOp
4795.9	1735	4523.2	MOp
4817.1	1735	4499.3	MOp
4800.5	1716.7	4505.9	MOp
4821.7	1716.7	4482	MOp
4783.9	1698.4	4512.6	MOp
4805.1	1698.4	4488.6	MOp
4788.5	1680.1	4495.3	MOp
4809.7	1680.1	4471.3	MOp
4771.8	1661.7	4501.9	MOp
4793.1	1661.7	4478	MOp
4776.4	1643.4	4484.6	MOp
4797.6	1643.4	4460.7	MOp
4759.8	1625.1	4491.3	MOp
4781	1625.1	4467.3	MOp
4764.4	1606.8	4473.9	MOp
4785.6	1606.8	4450	MOp
4747.8	1588.5	4480.6	MOp
4752.3	1570.2	4463.3	MOp
4773.6	1570.2	4439.3	MOp
4735.7	1551.9	4469.9	MOp
4756.9	1551.9	4446	MOp
4740.3	1533.6	4452.6	MOp
4761.5	1533.6	4428.7	MOp
4723.7	1515.3	4459.3	MOp
4744.9	1515.3	4435.3	MOp
4728.3	1496.9	4442	MOp
4749.5	1496.9	4418	MOp
4711.6	1478.6	4448.6	MOp
4732.8	1478.6	4424.6	MOp
4716.2	1460.3	4431.3	MOp
4737.4	1460.3	4407.3	MOp
4699.6	1442	4437.9	MOp
4720.8	1442	4414	MOp
4704.2	1423.7	4420.6	MOp
4725.4	1423.7	4396.7	MOp
4687.5	1405.4	4427.3	MOp
4708.8	1405.4	4403.3	MOp
4692.1	1387.1	4410	MOp
4713.3	1387.1	4386	MOp
4675.5	1368.8	4416.6	MOp
4696.7	1368.8	4392.7	MOp
4680.1	1350.4	4399.3	MOp
4701.3	1350.4	4375.3	MOp
4663.5	1332.1	4405.9	MOp
4684.7	1332.1	4382	MOp
4668	1313.8	4388.6	MOp
4689.2	1313.8	4364.7	MOp
4651.4	1295.5	4395.3	MOp
4672.6	1295.5	4371.3	MOp
4656	1277.2	4378	MOp
4677.2	1277.2	4354	MOp
4639.4	1258.9	4384.6	MOp
4660.6	1258.9	4360.7	MOp
4665.2	1240.6	4343.3	MOp
4627.3	1222.3	4374	MOp
4648.5	1222.3	4350	MOp
4631.9	1204	4356.6	MOp
4653.1	1204	4332.7	MOp
4615.3	1185.6	4363.3	MOp
4636.5	1185.6	4339.3	MOp
4619.9	1167.3	4346	MOp
4641.1	1167.3	4322	MOp
4603.2	1149	4352.6	MOp
4624.4	1149	4328.7	MOp
4607.8	1130.7	4335.3	MOp
4629	1130.7	4311.4	MOp
4591.2	1112.4	4342	MOp
4612.4	1112.4	4318	MOp
4595.8	1094.1	4324.7	MOp
4617	1094.1	4300.7	MOp
4579.1	1075.8	4331.3	MOp
4600.4	1075.8	4307.3	MOp
4583.7	1057.5	4314	MOp
4604.9	1057.5	4290	MOp
4567.1	1039.2	4320.6	MOp
4588.3	1039.2	4296.7	MOp
4571.7	1020.8	4303.3	MOp
4592.9	1020.8	4279.4	MOp
4555.1	1002.5	4310	MOp
4576.3	1002.5	4286	MOp
4559.6	984.2	4292.7	MOp
4580.9	984.2	4268.7	MOp
4543	965.9	4299.3	MOp
4564.2	965.9	4275.3	MOp
4547.6	947.6	4282	MOp
4568.8	947.6	4258	root
4531	929.3	4288.6	root
4552.2	929.3	4264.7	root
4535.6	911	4271.3	root
4556.8	911	4247.4	root
4518.9	892.7	4278	root
4523.5	874.4	4260.7	root
4544.7	874.4	4236.7	root
4506.9	856	4267.3	root
4528.1	856	4243.4	root
4636.4	4258.4	4881.7	LSr
4665.5	4258.4	4894.9	LSr
4625	4239.9	4868.1	LSr
4654.1	4239.9	4881.3	LSr
4642.7	4221.5	4867.8	LSr
4671.8	4221.5	4881	LSr
4631.3	4203	4854.2	LSr
4660.4	4203	4867.4	LSr
4649	4184.5	4853.9	LSr
4678.2	4184.5	4867.1	LSr
4637.6	4166	4840.3	LSr
4666.8	4166	4853.5	LSr
4655.4	4147.5	4839.9	LSr
4684.5	4147.5	4853.2	LSr
4644	4129	4826.4	LSr
4673.1	4129	4839.6	LSr
4661.7	4110.6	4826	LSr
4690.8	4110.6	4839.3	LSr
4650.3	4092.1	4812.5	LSr
4679.4	4092.1	4825.7	LSr
4668	4073.6	4812.1	LSr
4697.1	4073.6	4825.4	LSr
4656.6	4055.1	4798.5	LSr
4685.7	4055.1	4811.8	LSr
4674.3	4036.6	4798.2	LSr
4703.5	4036.6	4811.5	LSr
4662.9	4018.1	4784.6	LSr
4692.1	4018.1	4797.9	LSr
4680.7	3999.7	4784.3	LSr
4709.8	3999.7	4797.6	LSr
4669.3	3981.2	4770.7	LSr
4698.4	3981.2	4784	LSr
4687	3962.7	4770.4	LSr
4716.1	3962.7	4783.6	LSr
4675.6	3944.2	4756.8	LSr
4704.7	3944.2	4770.1	LSr
4722.5	3925.7	4769.7	LSr
4681.9	3907.3	4742.9	LSr
4711.1	3907.3	4756.1	LSr
4699.7	3888.8	4742.6	LSr
4728.8	3888.8	4755.8	root
4688.3	3870.3	4729	root
4717.4	3870.3	4742.2	root
4706	3851.8	4728.7	root
4735.1	3851.8	4741.9	root
4694.6	3833.3	4715.1	root
4723.7	3833.3	4728.3	root
4712.3	3814.8	4714.7	root
4741.4	3814.8	4728	root
4700.9	3796.4	4701.2	root
4730	3796.4	4714.4	root
4718.6	3777.9	4700.8	root
4747.8	3777.9	4714.1	root
4707.2	3759.4	4687.3	root
4736.4	3759.4	4700.5	root
4725	3740.9	4686.9	root
4754.1	3740.9	4700.2	root
4713.6	3722.4	4673.3	root
4742.7	3722.4	4686.6	root
4731.3	3703.9	4673	root
4760.4	3703.9	4686.3	root
4719.9	3685.5	4659.4	root
4749	3685.5	4672.7	root
4737.6	3667	4659.1	root
4766.8	3667	4672.4	root
4726.2	3648.5	4645.5	root
4755.4	3648.5	4658.8	root
4744	3630	4645.2	root
4773.1	3630	4658.4	root
4732.6	3611.5	4631.6	root
4761.7	3611.5	4644.9	root
4750.3	3593	4631.3	root
4779.4	3593	4644.5	root
4738.9	3574.6	4617.7	root
4756.6	3556.1	4617.4	root
4785.7	3556.1	4630.6	root
4745.2	3537.6	4603.8	root
4774.3	3537.6	4617	root
4762.9	3519.1	4603.5	root
4792.1	3519.1	4616.7	root
4751.5	3500.6	4589.9	root
4780.7	3500.6	4603.1	root
4769.3	3482.1	4589.6	root
4798.4	3482.1	4602.8	root
4757.9	3463.7	4576	root
4787	3463.7	4589.2	root
4775.6	3445.2	4575.6	root
4804.7	3445.2	4588.9	root
4764.2	3426.7	4562.1	root
4793.3	3426.7	4575.3	root
4781.9	3408.2	4561.7	root
4811	3408.2	4575	root
4770.5	3389.7	4548.2	root
4799.6	3389.7	4561.4	root
4788.2	3371.2	4547.8	root
4817.4	3371.2	4561.1	root
4776.8	3352.8	4534.2	root
4806	3352.8	4547.5	root
4794.6	3334.3	4533.9	root
4823.7	3334.3	4547.2	root
4783.2	3315.8	4520.3	root
4812.3	3315.8	4533.6	root
4800.9	3297.3	4520	root
4830	3297.3	4533.3	root
4789.5	3278.8	4506.4	root
4818.6	3278.8	4519.7	root
4807.2	3260.4	4506.1	root
4836.4	3260.4	4519.3	root
4795.8	3241.9	4492.5	root
4825	3241.9	4505.8	root
4842.7	3223.4	4505.4	root
4802.2	3204.9	4478.6	root
4831.3	3204.9	4491.9	root
4819.9	3186.4	4478.3	root
4849	3186.4	4491.5	root
4808.5	3167.9	4464.7	root
4837.6	3167.9	4477.9	root
4826.2	3149.5	4464.4	root
4855.3	3149.5	4477.6	root
4814.8	3131	4450.8	root
4843.9	3131	4464	root
4832.5	3112.5	4450.4	root
4861.7	3112.5	4463.7	root
4821.1	3094	4436.9	root
4850.3	3094	4450.1	root
4838.9	3075.5	4436.5	root
4868	3075.5	4449.8	root
4827.5	3057	4423	root
4856.6	3057	4436.2	root
4845.2	3038.6	4422.6	root
4874.3	3038.6	4435.9	root
4833.8	3020.1	4409	root
4862.9	3020.1	4422.3	root
4851.5	3001.6	4408.7	root
4880.7	3001.6	4422	root
4840.1	2983.1	4395.1	root
4869.3	2983.1	4408.4	root
4857.9	2964.6	4394.8	root
4887	2964.6	4408.1	root
4846.5	2946.1	4381.2	root
4875.6	2946.1	4394.5	CP
4864.2	2927.7	4380.9	CP
4893.3	2927.7	4394.1	CP
4852.8	2909.2	4367.3	CP
4881.9	2909.2	4380.6	CP
4870.5	2890.7	4367	CP
4899.6	2890.7	4380.2	CP
4859.1	2872.2	4353.4	CP
4876.8	2853.7	4353.1	CP
4906	2853.7	4366.3	CP
4865.4	2835.2	4339.5	CP
4894.6	2835.2	4352.7	CP
4883.2	2816.8	4339.2	CP
4912.3	2816.8	4352.4	CP
4871.8	2798.3	4325.6	CP
4900.9	2798.3	4338.8	CP
4889.5	2779.8	4325.3	CP
4918.6	2779.8	4338.5	CP
4878.1	2761.3	4311.7	CP
4907.2	2761.3	4324.9	CP
4895.8	2742.8	4311.3	CP
4924.9	2742.8	4324.6	CP
4884.4	2724.4	4297.8	CP
4913.5	2724.4	4311	CP
4902.1	2705.9	4297.4	CP
4931.3	2705.9	4310.7	CP
4890.7	2687.4	4283.9	CP
4919.9	2687.4	4297.1	CP
4908.5	2668.9	4283.5	CP
4937.6	2668.9	4296.8	CP
4897.1	2650.4	4269.9	CP
4926.2	2650.4	4283.2	CP
4914.8	2631.9	4269.6	CP
4943.9	2631.9	4282.9	CP
4903.4	2613.5	4256	CP
4932.5	2613.5	4269.3	CP
4921.1	2595	4255.7	CP
4950.3	2595	4269	CP
4909.7	2576.5	4242.1	CP
4938.9	2576.5	4255.4	CP
4927.5	2558	4241.8	CP
4956.6	2558	4255	CP
4916.1	2539.5	4228.2	CP
4945.2	2539.5	4241.5	CP
4962.9	2521	4241.1	CP
4922.4	2502.6	4214.3	CP
4951.5	2502.6	4227.6	CP
4940.1	2484.1	4214	CP
4969.2	2484.1	4227.2	CP
4928.7	2465.6	4200.4	CP
4957.8	2465.6	4213.6	CP
4946.4	2447.1	4200.1	CP
4975.6	2447.1	4213.3	CP
4935	2428.6	4186.5	CP
4964.2	2428.6	4199.7	CP
4952.8	2410.1	4186.2	CP
4981.9	2410.1	4199.4	CP
4941.4	2391.7	4172.6	CP
4970.5	2391.7	4185.8	CP
4959.1	2373.2	4172.2	CP
4988.2	2373.2	4185.5	CP
4947.7	2354.7	4158.7	CP
4976.8	2354.7	4171.9	CP
4965.4	2336.2	4158.3	CP
4994.6	2336.2	4171.6	CP
4954	2317.7	4144.7	CP
4983.2	2317.7	4158	CP
4971.8	2299.2	4144.4	CP
5000.9	2299.2	4157.7	CP
4960.4	2280.8	4130.8	CP
4989.5	2280.8	4144.1	CP
4978.1	2262.3	4130.5	CP
5007.2	2262.3	4143.8	CP
4966.7	2243.8	4116.9	CP
4995.8	2243.8	4130.2	CP
4984.4	2225.3	4116.6	CP
5013.5	2225.3	4129.8	CP
4973	2206.8	4103	CP
5002.1	2206.8	4116.3	CP
4990.7	2188.3	4102.7	CP
5019.9	2188.3	4115.9	CP
4979.3	2169.9	4089.1	CP
4997.1	2151.4	4088.8	CP
5026.2	2151.4	4102	CP
4985.7	2132.9	4075.2	CP
5014.8	2132.9	4088.4	CP
5003.4	2114.4	4074.9	CP
5032.5	2114.4	4088.1	CP
4992	2095.9	4061.3	CP
5021.1	2095.9	4074.5	CP
5009.7	2077.5	4061	CP
5038.8	2077.5	4074.2	CP
4998.3	2059	4047.4	CP
5027.4	2059	4060.6	CP
5016	2040.5	4047	CP
5045.2	2040.5	4060.3	CP
5004.6	2022	4033.5	CP
5033.8	2022	4046.7	CP
5022.4	2003.5	4033.1	CP
5051.5	2003.5	4046.4	CP
5011	1985	4019.6	CP
5040.1	1985	4032.8	CP
5028.7	1966.6	4019.2	CP
5057.8	1966.6	4032.5	CP
5017.3	1948.1	4005.6	CP
5046.4	1948.1	4018.9	CP
5035	1929.6	4005.3	CP
5064.2	1929.6	4018.6	CP
5023.6	1911.1	3991.7	CP
5052.8	1911.1	4005	CP
5041.4	1892.6	3991.4	MOp
5070.5	1892.6	4004.7	MOp
5030	1874.1	3977.8	MOp
5059.1	1874.1	3991.1	MOp
5047.7	1855.7	3977.5	MOp
5076.8	1855.7	3990.7	MOp
5036.3	1837.2	3963.9	MOp
5065.4	1837.2	3977.2	MOp
5083.1	1818.7	3976.8	MOp
5042.6	1800.2	3950	MOp
5071.7	1800.2	3963.3	MOp
5060.3	1781.7	3949.7	MOp
5089.5	1781.7	3962.9	MOp
5048.9	1763.2	3936.1	MOp
5078.1	1763.2	3949.3	MOp
5066.7	1744.8	3935.8	MOp
5095.8	1744.8	3949	MOp
5055.3	1726.3	3922.2	MOp
5084.4	1726.3	3935.4	MOp
5073	1707.8	3921.9	MOp
5102.1	1707.8	3935.1	MOp
5061.6	1689.3	3908.3	MOp
5090.7	1689.3	3921.5	MOp
5079.3	1670.8	3907.9	MOp
5108.5	1670.8	3921.2	MOp
5067.9	1652.3	3894.4	MOp
5097.1	1652.3	3907.6	MOp
5085.7	1633.9	3894	MOp
5114.8	1633.9	3907.3	MOp
5074.3	1615.4	3880.5	MOp
5103.4	1615.4	3893.7	MOp
5092	1596.9	3880.1	MOp
5121.1	1596.9	3893.4	MOp
5080.6	1578.4	3866.5	MOp
5109.7	1578.4	3879.8	MOp
5098.3	1559.9	3866.2	MOp
5127.4	1559.9	3879.5	MOp
5086.9	1541.5	3852.6	MOp
5116	1541.5	3865.9	MOp
5104.6	1523	3852.3	MOp
5133.8	1523	3865.5	MOp
5093.2	1504.5	3838.7	MOp
5122.4	1504.5	3852	MOp
5111	1486	3838.4	MOp
5140.1	1486	3851.6	MOp
5099.6	1467.5	3824.8	MOp
5117.3	1449	3824.5	MOp
5146.4	1449	3837.7	MOp
5105.9	1430.6	3810.9	MOp
5135	1430.6	3824.1	MOp
5123.6	1412.1	3810.6	MOp
5152.7	1412.1	3823.8	MOp
5112.2	1393.6	3797	MOp
5141.3	1393.6	3810.2	MOp
5129.9	1375.1	3796.7	MOp
5159.1	1375.1	3809.9	MOp
5118.5	1356.6	3783.1	MOp
5147.7	1356.6	3796.3	MOp
5136.3	1338.1	3782.7	MOp
5165.4	1338.1	3796	MOp
5124.9	1319.7	3769.2	MOp
5154	1319.7	3782.4	MOp
5142.6	1301.2	3768.8	MOp
5171.7	1301.2	3782.1	MOp
5131.2	1282.7	3755.3	MOp
5160.3	1282.7	3768.5	MOp
5148.9	1264.2	3754.9	MOp
5178.1	1264.2	3768.2	MOp
5137.5	1245.7	3741.3	MOp
5166.7	1245.7	3754.6	MOp
5155.3	1227.2	3741	MOp
5184.4	1227.2	3754.3	MOp
5143.9	1208.8	3727.4	MOp
5173	1208.8	3740.7	MOp
5161.6	1190.3	3727.1	MOp
5190.7	1190.3	3740.4	MOp
5150.2	1171.8	3713.5	MOp
5179.3	1171.8	3726.8	MOp
5167.9	1153.3	3713.2	MOp
5197	1153.3	3726.4	MOp
5156.5	1134.8	3699.6	MOp
5185.6	1134.8	3712.9	MOp
5203.4	1116.3	3712.5	MOp
5162.8	1097.9	3685.7	MOp
5192	1097.9	3699	MOp
5180.6	1079.4	3685.4	MOp
5209.7	1079.4	3698.6	MOp
5169.2	1060.9	3671.8	MOp
5198.3	1060.9	3685	MOp
5186.9	1042.4	3671.5	MOp
5216	1042.4	3684.7	MOp
5175.5	1023.9	3657.9	MOp
5204.6	1023.9	3671.1	MOp
5193.2	1005.4	3657.6	MOp
5222.4	1005.4	3670.8	MOp
5181.8	987	3644	MOp
5211	987	3657.2	MOp
5199.6	968.5	3643.6	MOp
5228.7	968.5	3656.9	MOp
5188.2	950	3630.1	MOp
5217.3	950	3643.3	MOp
5205.9	931.5	3629.7	MOp
5235	931.5	3643	MOp
5194.5	913	3616.2	MOp
5223.6	913	3629.4	MOp
5212.2	894.6	3615.8	MOp
5241.3	894.6	3629.1	MOp
5200.8	876.1	3602.2	MOp
5229.9	876.1	3615.5	MOp
5218.5	857.6	3601.9	MOp
5247.7	857.6	3615.2	root
5207.1	839.1	3588.3	root
5236.3	839.1	3601.6	root
5224.9	820.6	3588	root
5254	820.6	3601.3	root
5213.5	802.1	3574.4	root
5242.6	802.1	3587.7	root
5231.2	783.7	3574.1	root
5260.3	783.7	3587.3	root
5219.8	765.2	3560.5	root
5237.5	746.7	3560.2	root
5266.6	746.7	3573.4	root
5226.1	728.2	3546.6	root
5255.2	728.2	3559.8	root
5026.8	4076.1	3722.2	CP
5007.1	4076.1	3747.5	CP
5041.3	4057	3713.3	CP
5021.7	4057	3738.6	CP
5036.3	4038	3729.6	CP
5016.6	4038	3754.9	CP
5050.9	4018.9	3720.7	CP
5031.2	4018.9	3746	CP
5045.8	3999.8	3737.1	CP
5026.1	3999.8	3762.3	CP
5060.4	3980.8	3728.1	CP
5040.7	3980.8	3753.4	CP
5055.3	3961.7	3744.5	CP
5035.7	3961.7	3769.7	CP
5069.9	3942.6	3735.6	CP
5050.3	3942.6	3760.8	CP
5064.9	3923.6	3751.9	CP
5045.2	3923.6	3777.1	CP
5079.4	3904.5	3743	CP
5059.8	3904.5	3768.2	CP
5074.4	3885.4	3759.3	CP
5054.7	3885.4	3784.6	CP
5089	3866.4	3750.4	CP
5069.3	3866.4	3775.6	CP
5083.9	3847.3	3766.7	CP
5064.2	3847.3	3792	CP
5098.5	3828.2	3757.8	CP
5078.8	3828.2	3783	CP
5093.4	3809.2	3774.1	CP
5073.8	3809.2	3799.4	CP
5108	3790.1	3765.2	CP
5088.4	3790.1	3790.5	CP
5102.9	3771	3781.5	CP
5083.3	3771	3806.8	CP
5117.5	3752	3772.6	CP
5097.9	3752	3797.9	CP
5092.8	3732.9	3814.2	CP
5127.1	3713.8	3780	CP
5107.4	3713.8	3805.3	CP
5122	3694.8	3796.4	CP
5102.3	3694.8	3821.6	CP
5136.6	3675.7	3787.5	CP
5116.9	3675.7	3812.7	CP
5131.5	3656.6	3803.8	CP
5111.9	3656.6	3829	CP
5146.1	3637.6	3794.9	CP
5126.5	3637.6	3820.1	CP
5141	3618.5	3811.2	CP
5121.4	3618.5	3836.5	CP
5155.6	3599.4	3802.3	CP
5136	3599.4	3827.5	CP
5150.6	3580.4	3818.6	CP
5130.9	3580.4	3843.9	CP
5165.2	3561.3	3809.7	CP
5145.5	3561.3	3835	CP
5160.1	3542.2	3826	CP
5140.4	3542.2	3851.3	CP
5174.7	3523.2	3817.1	CP
5155	3523.2	3842.4	CP
5169.6	3504.1	3833.5	CP
5150	3504.1	3858.7	CP
5184.2	3485	3824.5	CP
5164.6	3485	3849.8	CP
5179.1	3465.9	3840.9	CP
5159.5	3465.9	3866.1	CP
5193.7	3446.9	3832	CP
5174.1	3446.9	3857.2	CP
5188.7	3427.8	3848.3	CP
5169	3427.8	3873.5	CP
5203.3	3408.7	3839.4	CP
5183.6	3408.7	3864.6	CP
5198.2	3389.7	3855.7	CP
5178.5	3389.7	3880.9	CP
5212.8	3370.6	3846.8	CP
5207.7	3351.5	3863.1	CP
5188.1	3351.5	3888.4	CP
5222.3	3332.5	3854.2	CP
5202.7	3332.5	3879.4	CP
5217.2	3313.4	3870.5	CP
5197.6	3313.4	3895.8	CP
5231.8	3294.3	3861.6	CP
5212.2	3294.3	3886.9	CP
5226.8	3275.3	3877.9	CP
5207.1	3275.3	3903.2	CP
5241.4	3256.2	3869	CP
5221.7	3256.2	3894.3	CP
5236.3	3237.1	3885.4	CP
5216.6	3237.1	3910.6	CP
5250.9	3218.1	3876.4	CP
5231.2	3218.1	3901.7	CP
5245.8	3199	3892.8	CP
5226.2	3199	3918	CP
5260.4	3179.9	3883.9	CP
5240.7	3179.9	3909.1	CP
5255.3	3160.9	3900.2	CP
5235.7	3160.9	3925.4	CP
5269.9	3141.8	3891.3	CP
5250.3	3141.8	3916.5	CP
5264.9	3122.7	3907.6	CP
5245.2	3122.7	3932.9	CP
5279.5	3103.7	3898.7	CP
5259.8	3103.7	3923.9	CP
5274.4	3084.6	3915	CP
5254.7	3084.6	3940.3	CP
5289	3065.5	3906.1	CP
5269.3	3065.5	3931.4	CP
5283.9	3046.5	3922.4	CP
5264.3	3046.5	3947.7	CP
5298.5	3027.4	3913.5	CP
5278.8	3027.4	3938.8	CP
5273.8	3008.3	3955.1	CP
5308	2989.3	3920.9	CP
5288.4	2989.3	3946.2	CP
5303	2970.2	3937.3	CP
5283.3	2970.2	3962.5	CP
5317.6	2951.1	3928.3	CP
5297.9	2951.1	3953.6	CP
5312.5	2932.1	3944.7	CP
5292.8	2932.1	3969.9	CP
5327.1	2913	3935.8	CP
5307.4	2913	3961	CP
5322	2893.9	3952.1	CP
5302.4	2893.9	3977.3	CP
5336.6	2874.9	3943.2	CP
5316.9	2874.9	3968.4	CP
5331.5	2855.8	3959.5	CP
5311.9	2855.8	3984.8	CP
5346.1	2836.7	3950.6	CP
5326.5	2836.7	3975.8	CP
5341.1	2817.7	3966.9	CP
5321.4	2817.7	3992.2	CP
5355.7	2798.6	3958	CP
5336	2798.6	3983.3	CP
5350.6	2779.5	3974.3	CP
5330.9	2779.5	3999.6	CP
5365.2	2760.4	3965.4	CP
5345.5	2760.4	3990.7	CP
5360.1	2741.4	3981.8	CP
5340.5	2741.4	4007	CP
5374.7	2722.3	3972.8	CP
5355	2722.3	3998.1	CP
5369.6	2703.2	3989.2	CP
5350	2703.2	4014.4	CP
5384.2	2684.2	3980.3	CP
5364.6	2684.2	4005.5	CP
5379.2	2665.1	3996.6	CP
5359.5	2665.1	4021.8	CP
5393.8	2646	3987.7	CP
5388.7	2627	4004	CP
5369	2627	4029.3	CP
5403.3	2607.9	3995.1	CP
5383.6	2607.9	4020.3	CP
5398.2	2588.8	4011.4	CP
5378.6	2588.8	4036.7	CP
5412.8	2569.8	4002.5	CP
5393.1	2569.8	4027.7	CP
5407.7	2550.7	4018.8	CP
5388.1	2550.7	4044.1	CP
5422.3	2531.6	4009.9	CP
5402.7	2531.6	4035.2	CP
5417.3	2512.6	4026.2	CP
5397.6	2512.6	4051.5	CP
5431.8	2493.5	4017.3	CP
5412.2	2493.5	4042.6	CP
5426.8	2474.4	4033.7	CP
5407.1	2474.4	4058.9	CP
5441.4	2455.4	4024.7	CP
5421.7	2455.4	4050	CP
5436.3	2436.3	4041.1	CP
5416.6	2436.3	4066.3	CP
5450.9	2417.2	4032.2	CP
5431.2	2417.2	4057.4	CP
5445.8	2398.2	4048.5	CP
5426.2	2398.2	4073.7	CP
5460.4	2379.1	4039.6	CP
5440.8	2379.1	4064.8	CP
5455.4	2360	4055.9	CP
5435.7	2360	4081.2	CP
5469.9	2341	4047	CP
5450.3	2341	4072.2	CP
5464.9	2321.9	4063.3	CP
5445.2	2321.9	4088.6	CP
5479.5	2302.8	4054.4	CP
5459.8	2302.8	4079.7	CP
5454.7	2283.8	4096	CP
5489	2264.7	4061.8	CP
5469.3	2264.7	4087.1	CP
5483.9	2245.6	4078.2	CP
5464.3	2245.6	4103.4	CP
5498.5	2226.6	4069.2	CP
5478.9	2226.6	4094.5	CP
5493.5	2207.5	4085.6	CP
5473.8	2207.5	4110.8	CP
5508	2188.4	4076.7	CP
5488.4	2188.4	4101.9	CP
5503	2169.4	4093	CP
5483.3	2169.4	4118.2	CP
5517.6	2150.3	4084.1	CP
5497.9	2150.3	4109.3	CP
5512.5	2131.2	4100.4	CP
5492.8	2131.2	4125.6	CP
5527.1	2112.1	4091.5	CP
5507.4	2112.1	4116.7	CP
5522	2093.1	4107.8	CP
5502.4	2093.1	4133.1	MOp
5536.6	2074	4098.9	MOp
5517	2074	4124.1	MOp
5531.6	2054.9	4115.2	MOp
5511.9	2054.9	4140.5	MOp
5546.1	2035.9	4106.3	MOp
5526.5	2035.9	4131.6	MOp
5541.1	2016.8	4122.6	MOp
5521.4	2016.8	4147.9	MOp
5555.7	1997.7	4113.7	MOp
5536	1997.7	4139	MOp
5550.6	1978.7	4130.1	MOp
5530.9	1978.7	4155.3	MOp
5565.2	1959.6	4121.1	MOp
5545.5	1959.6	4146.4	MOp
5560.1	1940.5	4137.5	MOp
5540.5	1940.5	4162.7	MOp
5574.7	1921.5	4128.6	MOp
5569.7	1902.4	4144.9	MOp
5550	1902.4	4170.1	MOp
5584.2	1883.3	4136	MOp
5564.6	1883.3	4161.2	MOp
5579.2	1864.3	4152.3	MOp
5559.5	1864.3	4177.6	MOp
5593.8	1845.2	4143.4	MOp
5574.1	1845.2	4168.6	MOp
5588.7	1826.1	4159.7	MOp
5569	1826.1	4185	MOp
5603.3	1807.1	4150.8	MOp
5583.6	1807.1	4176.1	MOp
5598.2	1788	4167.1	MOp
5578.6	1788	4192.4	MOp
5612.8	1768.9	4158.2	MOp
5593.2	1768.9	4183.5	MOp
5607.7	1749.9	4174.5	MOp
5588.1	1749.9	4199.8	MOp
5622.3	1730.8	4165.6	MOp
5602.7	1730.8	4190.9	MOp
5617.3	1711.7	4182	MOp
5597.6	1711.7	4207.2	MOp
5631.9	1692.7	4173	MOp
5612.2	1692.7	4198.3	MOp
5626.8	1673.6	4189.4	MOp
5607.1	1673.6	4214.6	MOp
5641.4	1654.5	4180.5	MOp
5621.7	1654.5	4205.7	MOp
5636.3	1635.5	4196.8	MOp
5616.7	1635.5	4222	MOp
5650.9	1616.4	4187.9	MOp
5631.3	1616.4	4213.1	MOp
5645.8	1597.3	4204.2	MOp
5626.2	1597.3	4229.5	MOp
5660.4	1578.3	4195.3	MOp
5640.8	1578.3	4220.5	MOp
5635.7	1559.2	4236.9	MOp
5670	1540.1	4202.7	MOp
5650.3	1540.1	4228	MOp
5664.9	1521.1	4219	MOp
5645.2	1521.1	4244.3	MOp
5679.5	1502	4210.1	MOp
5659.8	1502	4235.4	MOp
5674.4	1482.9	4226.5	MOp
5654.8	1482.9	4251.7	MOp
5689	1463.8	4217.5	MOp
5669.4	1463.8	4242.8	MOp
5683.9	1444.8	4233.9	MOp
5664.3	1444.8	4259.1	MOp
5698.5	1425.7	4225	MOp
5678.9	1425.7	4250.2	MOp
5693.5	1406.6	4241.3	MOp
5673.8	1406.6	4266.5	MOp
5708.1	1387.6	4232.4	MOp
5688.4	1387.6	4257.6	MOp
5703	1368.5	4248.7	MOp
5683.3	1368.5	4274	MOp
5717.6	1349.4	4239.8	MOp
5697.9	1349.4	4265	MOp
5712.5	1330.4	4256.1	MOp
5692.9	1330.4	4281.4	MOp
5727.1	1311.3	4247.2	MOp
5707.5	1311.3	4272.4	MOp
5722	1292.2	4263.5	MOp
5702.4	1292.2	4288.8	MOp
5736.6	1273.2	4254.6	MOp
5717	1273.2	4279.9	MOp
5731.6	1254.1	4270.9	MOp
5711.9	1254.1	4296.2	MOp
5746.2	1235	4262	MOp
5726.5	1235	4287.3	MOp
5741.1	1216	4278.4	MOp
5721.4	1216	4303.6	MOp
5755.7	1196.9	4269.4	MOp
5750.6	1177.8	4285.8	MOp
5731	1177.8	4311	MOp
5765.2	1158.8	4276.9	MOp
5745.5	1158.8	4302.1	MOp
5760.1	1139.7	4293.2	MOp
5740.5	1139.7	4318.4	MOp
5774.7	1120.6	4284.3	MOp
5755.1	1120.6	4309.5	MOp
5769.7	1101.6	4300.6	MOp
5750	1101.6	4325.9	MOp
5784.3	1082.5	4291.7	MOp
5764.6	1082.5	4316.9	MOp
5779.2	1063.4	4308	MOp
5759.5	1063.4	4333.3	MOp
5793.8	1044.4	4299.1	MOp
5774.1	1044.4	4324.4	MOp
5788.7	1025.3	4315.4	MOp
5769.1	1025.3	4340.7	MOp
5803.3	1006.2	4306.5	MOp
5783.6	1006.2	4331.8	MOp
5798.2	987.2	4322.9	MOp
5778.6	987.2	4348.1	MOp
5812.8	968.1	4313.9	MOp
5793.2	968.1	4339.2	MOp
5807.8	949	4330.3	MOp
5788.1	949	4355.5	MOp
5822.4	930	4321.3	MOp
5802.7	930	4346.6	MOp
5817.3	910.9	4337.7	MOp
5797.6	910.9	4362.9	MOp
5831.9	891.8	4328.8	MOp
5812.2	891.8	4354	MOp
5826.8	872.8	4345.1	MOp
5807.2	872.8	4370.3	MOp
5841.4	853.7	4336.2	MOp
5821.7	853.7	4361.4	MOp
5816.7	834.6	4377.8	MOp
5850.9	815.5	4343.6	MOp
5831.3	815.5	4368.8	MOp
5845.9	796.5	4359.9	MOp
5826.2	796.5	4385.2	MOp
5860.5	777.4	4351	MOp
5840.8	777.4	4376.3	MOp
5855.4	758.3	4367.3	MOp
5835.7	758.3	4392.6	MOp
5870	739.3	4358.4	MOp
5850.3	739.3	4383.7	MOp
5864.9	720.2	4374.8	MOp
5845.3	720.2	4400	MOp
5879.5	701.1	4365.8	MOp
5859.8	701.1	4391.1	MOp
5874.4	682.1	4382.2	MOp
5854.8	682.1	4407.4	MOp
5889	663	4373.3	MOp
5869.4	663	4398.5	MOp
5884	643.9	4389.6	MOp
5864.3	643.9	4414.8	MOp
5898.6	624.9	4380.7	MOp
5878.9	624.9	4405.9	MOp
5893.5	605.8	4397	MOp
5873.8	605.8	4422.3	MOp
5908.1	586.7	4388.1	MOp
5888.4	586.7	4413.3	MOp
5903	567.7	4404.4	MOp
5883.4	567.7	4429.7	MOp
5917.6	548.6	4395.5	MOp
5897.9	548.6	4420.8	MOp
5912.5	529.5	4411.8	MOp
5892.9	529.5	4437.1	MOp
5927.1	510.5	4402.9	MOp
5907.5	510.5	4428.2	MOp
5922.1	491.4	4419.2	MOp
5902.4	491.4	4444.5	MOp
5936.6	472.3	4410.3	MOp
5931.6	453.3	4426.7	MOp
5911.9	453.3	4451.9	MOp
5946.2	434.2	4417.7	MOp
5926.5	434.2	4443	MOp
