network_id,median_decision_time_ms,speed_group
1,100.0,intermediate
2,210.0,slow
3,150.0,slow
4,125.0,slow
5,220.0,slow
6,90.0,fast
7,90.0,fast
8,170.0,slow
9,135.0,slow
10,100.0,intermediate
11,120.0,slow
12,100.0,intermediate
13,210.0,slow
14,180.0,slow
15,220.0,slow
16,120.0,slow
17,160.0,slow
18,150.0,slow
19,170.0,slow
20,200.0,slow
21,140.0,slow
22,150.0,slow
23,180.0,slow
24,170.0,slow
25,80.0,fast
26,220.0,slow
27,130.0,slow
28,140.0,slow
29,140.0,slow
30,160.0,slow
31,160.0,slow
32,160.0,slow
33,160.0,slow
34,90.0,fast
35,120.0,slow
36,90.0,fast
37,170.0,slow
38,100.0,intermediate
39,110.0,slow
40,110.0,intermediate
41,90.0,fast
42,145.0,slow
43,130.0,slow
44,90.0,fast
45,180.0,slow
46,150.0,slow
47,110.0,intermediate
48,90.0,fast
49,100.0,intermediate
50,120.0,slow
51,220.0,slow
52,105.0,intermediate
53,130.0,slow
54,90.0,fast
55,100.0,intermediate
56,100.0,intermediate
57,100.0,intermediate
58,100.0,intermediate
59,90.0,fast
60,245.0,slow
61,175.0,slow
62,100.0,intermediate
63,100.0,intermediate
64,110.0,slow
65,120.0,slow
66,100.0,intermediate
67,100.0,intermediate
68,130.0,slow
69,100.0,intermediate
70,110.0,intermediate
71,100.0,intermediate
72,120.0,slow
73,120.0,slow
74,110.0,intermediate
75,100.0,intermediate
76,130.0,slow
77,120.0,slow
78,100.0,intermediate
79,100.0,intermediate
80,130.0,slow
81,100.0,intermediate
82,145.0,slow
83,155.0,slow
84,150.0,slow
85,120.0,slow
86,75.0,fast
87,100.0,intermediate
88,110.0,slow
89,180.0,slow
90,120.0,slow
91,210.0,slow
92,120.0,slow
93,80.0,fast
94,120.0,slow
95,110.0,slow
96,160.0,slow
97,140.0,slow
98,90.0,fast
99,140.0,slow
100,110.0,slow
101,110.0,slow
102,100.0,intermediate
103,100.0,intermediate
104,90.0,intermediate
105,120.0,slow
106,100.0,intermediate
107,140.0,slow
108,100.0,intermediate
109,140.0,slow
110,230.0,slow
111,120.0,slow
112,100.0,intermediate
113,110.0,intermediate
114,100.0,intermediate
115,100.0,intermediate
116,105.0,intermediate
117,110.0,intermediate
118,120.0,slow
119,110.0,intermediate
120,100.0,intermediate
121,130.0,slow
122,80.0,fast
123,90.0,fast
124,190.0,slow
125,100.0,intermediate
126,100.0,intermediate
127,120.0,slow
128,160.0,slow
129,110.0,slow
130,100.0,intermediate
131,90.0,fast
132,110.0,slow
133,90.0,fast
134,100.0,intermediate
135,70.0,fast
136,120.0,slow
137,140.0,slow
138,100.0,intermediate
139,110.0,intermediate
140,90.0,fast
141,110.0,slow
142,100.0,intermediate
143,100.0,intermediate
144,90.0,fast
145,100.0,intermediate
146,90.0,fast
147,90.0,fast
148,110.0,slow
149,90.0,fast
150,90.0,fast
151,90.0,fast
152,120.0,slow
153,100.0,intermediate
154,120.0,slow
155,90.0,fast
156,90.0,fast
157,100.0,intermediate
158,90.0,fast
159,90.0,fast
160,100.0,intermediate
161,90.0,fast
162,90.0,fast
163,100.0,intermediate
164,70.0,fast
165,90.0,fast
166,110.0,intermediate
167,80.0,fast
168,90.0,fast
169,120.0,slow
170,130.0,slow
171,90.0,fast
172,90.0,fast
173,130.0,slow
174,90.0,fast
175,100.0,intermediate
176,100.0,intermediate
177,90.0,fast
178,90.0,fast
179,140.0,slow
180,100.0,intermediate
181,110.0,intermediate
182,70.0,fast
183,90.0,fast
184,70.0,fast
185,95.0,intermediate
186,90.0,fast
187,90.0,fast
188,70.0,fast
189,90.0,fast
190,90.0,fast
191,200.0,slow
192,70.0,fast
193,110.0,intermediate
194,90.0,fast
195,90.0,fast
196,95.0,intermediate
197,95.0,intermediate
198,100.0,intermediate
199,90.0,fast
200,90.0,fast
201,110.0,intermediate
202,90.0,fast
203,90.0,fast
204,90.0,fast
205,100.0,intermediate
206,90.0,fast
207,90.0,fast
208,90.0,fast
209,90.0,fast
210,90.0,fast
211,100.0,intermediate
212,100.0,intermediate
213,100.0,intermediate
214,90.0,fast
215,90.0,fast
216,110.0,slow
217,110.0,intermediate
218,90.0,fast
219,90.0,fast
220,90.0,fast
221,80.0,fast
222,90.0,fast
223,100.0,intermediate
224,100.0,intermediate
225,115.0,slow
226,130.0,slow
227,110.0,intermediate
228,100.0,intermediate
229,110.0,intermediate
230,100.0,intermediate
231,90.0,fast
232,90.0,fast
233,90.0,intermediate
234,90.0,intermediate
235,100.0,intermediate
236,100.0,intermediate
237,90.0,fast
238,90.0,fast
239,90.0,fast
240,100.0,intermediate
241,90.0,fast
242,90.0,fast
243,180.0,slow
244,110.0,intermediate
245,90.0,fast
246,215.0,slow
247,135.0,slow
248,100.0,intermediate
249,110.0,slow
250,100.0,intermediate
251,130.0,slow
252,90.0,intermediate
253,110.0,intermediate
254,100.0,intermediate
255,90.0,intermediate
256,90.0,fast
257,90.0,fast
258,90.0,fast
259,130.0,slow
260,100.0,intermediate
261,90.0,fast
262,90.0,fast
263,100.0,intermediate
264,90.0,intermediate
265,90.0,fast
266,100.0,intermediate
267,90.0,fast
268,100.0,intermediate
269,90.0,intermediate
270,110.0,slow
271,90.0,fast
272,110.0,intermediate
273,90.0,intermediate
274,110.0,intermediate
275,100.0,intermediate
276,120.0,slow
277,90.0,fast
278,90.0,fast
279,100.0,intermediate
280,195.0,slow
281,90.0,fast
282,80.0,fast
283,90.0,fast
284,90.0,fast
285,90.0,fast
286,110.0,intermediate
287,80.0,fast
288,80.0,fast
289,100.0,intermediate
290,110.0,intermediate
291,140.0,slow
292,210.0,slow
293,80.0,fast
294,90.0,fast
295,80.0,fast
296,80.0,fast
297,100.0,intermediate
298,80.0,fast
299,90.0,fast
300,80.0,fast
