session,trial_id,choice_left,decision_time_ms,signed_contrast,random_seed
churchlandlab | CSHL049 | 2020-01-08,1,0,265.7666666776315,0.125,70
churchlandlab | CSHL049 | 2020-01-08,12,1,687.700000069043,0.0,70
churchlandlab | CSHL049 | 2020-01-08,19,0,261.16666677204137,0.0625,70
churchlandlab | CSHL049 | 2020-01-08,21,1,141.40000011488496,0.25,70
churchlandlab | CSHL049 | 2020-01-08,22,0,222.16666678595232,0.125,70
churchlandlab | CSHL049 | 2020-01-08,23,1,327.2666667960067,0.0,70
churchlandlab | CSHL049 | 2020-01-08,27,0,325.9333334838459,0.0625,70
churchlandlab | CSHL049 | 2020-01-08,30,0,903.333333504662,0.0625,70
churchlandlab | CSHL049 | 2020-01-08,32,1,142.6333335173524,1.0,70
churchlandlab | CSHL049 | 2020-01-08,36,0,186.53333353651647,0.125,70
churchlandlab | CSHL049 | 2020-01-08,37,1,2787.0666668833337,0.0,70
churchlandlab | CSHL049 | 2020-01-08,41,1,194.26666691978767,0.125,70
churchlandlab | CSHL049 | 2020-01-08,48,1,139.0666669489633,1.0,70
churchlandlab | CSHL049 | 2020-01-08,55,0,138.5000003169239,0.0625,70
churchlandlab | CSHL049 | 2020-01-08,56,0,136.83333365889894,-0.125,70
churchlandlab | CSHL049 | 2020-01-08,64,1,693.400000371696,-0.0625,70
churchlandlab | CSHL049 | 2020-01-08,66,0,3604.0333337241464,0.0625,70
churchlandlab | CSHL049 | 2020-01-08,70,0,255.03333374041404,0.125,70
churchlandlab | CSHL049 | 2020-01-08,71,1,190.5333337488173,0.25,70
churchlandlab | CSHL049 | 2020-01-08,72,0,175.0666670881742,0.25,70
churchlandlab | CSHL049 | 2020-01-08,74,0,601.2000004306515,0.125,70
churchlandlab | CSHL049 | 2020-01-08,76,0,429.4666671057712,0.125,70
churchlandlab | CSHL049 | 2020-01-08,77,0,3158.333333781343,1.0,70
churchlandlab | CSHL049 | 2020-01-08,79,0,397.8666671259816,1.0,70
churchlandlab | CSHL049 | 2020-01-08,81,0,755.5666671382824,0.0625,70
churchlandlab | CSHL049 | 2020-01-08,85,0,599.5000004912754,0.0625,70
churchlandlab | CSHL049 | 2020-01-08,88,0,280.9666671695936,0.25,70
churchlandlab | CSHL049 | 2020-01-08,91,0,551.3000005232129,0.0625,70
churchlandlab | CSHL049 | 2020-01-08,94,1,142.63333387009425,1.0,70
churchlandlab | CSHL049 | 2020-01-08,96,0,238.80000055044093,0.125,70
churchlandlab | CSHL049 | 2020-01-08,98,1,103.23333390448397,1.0,70
churchlandlab | CSHL049 | 2020-01-08,100,0,129.00000057862826,0.0,70
churchlandlab | CSHL049 | 2020-01-08,103,0,252.30000059650592,0.125,70
churchlandlab | CSHL049 | 2020-01-08,105,0,126.9000006219585,0.25,70
churchlandlab | CSHL049 | 2020-01-08,108,0,2678.9666673124657,0.0625,70
churchlandlab | CSHL049 | 2020-01-08,111,0,213.16666733764578,0.125,70
churchlandlab | CSHL049 | 2020-01-08,112,1,182.56666734646387,1.0,70
churchlandlab | CSHL049 | 2020-01-08,113,1,176.56666735013005,0.25,70
churchlandlab | CSHL049 | 2020-01-08,118,1,515.6666673813106,0.0625,70
churchlandlab | CSHL049 | 2020-01-08,120,1,1785.8000007311148,0.0,70
churchlandlab | CSHL049 | 2020-01-08,125,1,442.86666743209935,0.0,70
churchlandlab | CSHL049 | 2020-01-08,135,0,414.5333341487003,0.0625,70
churchlandlab | CSHL049 | 2020-01-08,143,0,118.43333418198654,0.125,70
churchlandlab | CSHL049 | 2020-01-08,145,1,202.1333341999707,0.25,70
churchlandlab | CSHL049 | 2020-01-08,159,0,101.23333426327008,-0.125,70
churchlandlab | CSHL049 | 2020-01-08,167,0,151.2666676298977,0.125,70
churchlandlab | CSHL049 | 2020-01-08,173,0,230.9000009946658,0.125,70
churchlandlab | CSHL049 | 2020-01-08,177,1,133.96666768448995,1.0,70
churchlandlab | CSHL049 | 2020-01-08,181,0,199.83333437096462,-0.0625,70
churchlandlab | CSHL049 | 2020-01-08,209,1,214.5666678377438,0.25,70
churchlandlab | CSHL049 | 2020-01-08,211,0,286.3000011843724,0.0625,70
churchlandlab | CSHL049 | 2020-01-08,213,0,1060.5333345333747,0.125,70
churchlandlab | CSHL049 | 2020-01-08,216,1,381.96666788383027,0.0625,70
churchlandlab | CSHL049 | 2020-01-08,218,1,126.06666789281462,1.0,70
churchlandlab | CSHL049 | 2020-01-08,223,1,379.100001251345,0.0625,70
churchlandlab | CSHL049 | 2020-01-08,224,0,220.0666679218557,-0.125,70
churchlandlab | CSHL049 | 2020-01-08,227,1,215.73333460219146,0.125,70
churchlandlab | CSHL049 | 2020-01-08,230,1,264.9666679528764,0.25,70
churchlandlab | CSHL049 | 2020-01-08,231,1,169.60000129074615,0.25,70
churchlandlab | CSHL049 | 2020-01-08,233,1,159.30000130197186,0.25,70
churchlandlab | CSHL049 | 2020-01-08,235,0,1327.566667981955,0.0625,70
churchlandlab | CSHL049 | 2020-01-08,237,1,383.9000013288114,0.125,70
churchlandlab | CSHL049 | 2020-01-08,244,0,538.6666680317376,-0.0625,70
churchlandlab | CSHL049 | 2020-01-08,251,0,280.6000014015808,-0.125,70
churchlandlab | CSHL049 | 2020-01-08,256,0,131.33333475843756,-0.125,70
churchlandlab | CSHL049 | 2020-01-08,259,0,239.36666812710428,0.125,70
churchlandlab | CSHL049 | 2020-01-08,261,0,389.00000146963976,-0.125,70
churchlandlab | CSHL049 | 2020-01-08,269,0,98.40000150347805,0.125,70
churchlandlab | CSHL049 | 2020-01-08,270,0,790.9000015115453,-0.0625,70
churchlandlab | CSHL049 | 2020-01-08,304,0,726.0000016888171,-0.0625,70
churchlandlab | CSHL049 | 2020-01-08,313,1,272.86666839972895,0.0625,70
churchlandlab | CSHL049 | 2020-01-08,317,0,150.3000017512477,-0.0625,70
churchlandlab | CSHL049 | 2020-01-08,320,1,929.6666684397223,-0.0625,70
churchlandlab | CSHL049 | 2020-01-08,330,1,222.5000018229366,0.125,70
churchlandlab | CSHL049 | 2020-01-08,332,1,183.20000183575758,0.25,70
churchlandlab | CSHL049 | 2020-01-08,333,0,232.20000184164746,0.0625,70
churchlandlab | CSHL049 | 2020-01-08,334,1,264.26666851398295,0.125,70
churchlandlab | CSHL049 | 2020-01-08,337,1,169.7666685333843,1.0,70
churchlandlab | CSHL049 | 2020-01-08,342,1,98.16666856431766,-0.125,70
churchlandlab | CSHL049 | 2020-01-08,343,0,502.96666856979755,0.0625,70
churchlandlab | CSHL049 | 2020-01-08,344,1,135.20000191260806,1.0,70
churchlandlab | CSHL049 | 2020-01-08,345,1,217.80000191643012,0.0,70
churchlandlab | CSHL049 | 2020-01-08,346,1,387.43333525439994,0.125,70
churchlandlab | CSHL049 | 2020-01-08,347,1,385.4000019262003,0.0,70
churchlandlab | CSHL049 | 2020-01-08,352,1,153.73333528509647,1.0,70
churchlandlab | CSHL049 | 2020-01-08,353,0,390.20000195728244,0.125,70
churchlandlab | CSHL049 | 2020-01-08,354,1,635.2666686300381,0.0,70
churchlandlab | CSHL049 | 2020-01-08,355,1,241.70000196727415,0.25,70
churchlandlab | CSHL049 | 2020-01-08,360,1,146.0666686575678,-0.0625,70
churchlandlab | CSHL049 | 2020-01-08,365,0,257.36666868442626,-0.125,70
churchlandlab | CSHL049 | 2020-01-08,368,1,236.46666869717592,0.0,70
churchlandlab | CSHL049 | 2020-01-08,372,1,120.46666871606249,-0.0625,70
churchlandlab | CSHL049 | 2020-01-08,376,0,310.9666687371373,-0.0625,70
churchlandlab | CSHL049 | 2020-01-08,380,0,374.30000209019454,0.0,70
churchlandlab | CSHL049 | 2020-01-08,381,1,2036.766668766404,-0.0625,70
churchlandlab | CSHL049 | 2020-01-08,384,0,365.06666878244687,0.0625,70
churchlandlab | CSHL049 | 2020-01-08,385,0,613.9666687879526,0.0625,70
churchlandlab | CSHL049 | 2020-01-08,391,1,191.73333549088056,0.25,70
churchlandlab | CSHL049 | 2020-01-08,412,0,160.43333560401152,-0.125,70
churchlandlab | CSHL049 | 2020-01-08,438,0,389.4000024054094,0.0625,70
churchlandlab | CSHL049 | 2020-01-08,441,1,347.766669091925,0.125,70
churchlandlab | CSHL049 | 2020-01-08,443,1,465.533335768896,0.125,70
churchlandlab | CSHL049 | 2020-01-08,448,1,1413.700002464111,0.25,70
churchlandlab | CSHL049 | 2020-01-08,451,0,823.7333358131309,0.0625,70
churchlandlab | CSHL049 | 2020-01-08,460,1,99.2666692018247,0.25,70
churchlandlab | CSHL049 | 2020-01-08,461,1,150.36666920741482,0.25,70
churchlandlab | CSHL049 | 2020-01-08,463,1,174.1666692164472,0.25,70
churchlandlab | CSHL049 | 2020-01-08,466,1,500.6666692338513,-0.0625,70
churchlandlab | CSHL049 | 2020-01-08,467,1,714.9333359070624,-0.0625,70
churchlandlab | CSHL049 | 2020-01-08,486,1,176.80000267318974,1.0,70
churchlandlab | CSHL049 | 2020-01-08,488,1,167.00000268156145,0.0,70
churchlandlab | CSHL049 | 2020-01-08,518,1,170.7666695192529,1.0,70
churchlandlab | CSHL049 | 2020-01-08,519,1,193.53333619164914,0.25,70
churchlandlab | CSHL049 | 2020-01-08,524,0,739.2666695486696,0.0625,70
churchlandlab | CSHL049 | 2020-01-08,528,0,2241.266669570905,0.0625,70
churchlandlab | CSHL049 | 2020-01-08,531,1,148.6000029231036,1.0,70
churchlandlab | CSHL049 | 2020-01-08,534,0,247.30000293993726,0.125,70
churchlandlab | CSHL049 | 2020-01-08,537,0,633.6000029546085,0.0,70
churchlandlab | CSHL049 | 2020-01-08,541,1,155.66666963923126,0.0,70
churchlandlab | CSHL049 | 2020-01-08,542,1,172.16666964623073,0.125,70
churchlandlab | CSHL049 | 2020-01-08,544,1,480.5333363237878,0.25,70
churchlandlab | CSHL049 | 2020-01-08,546,1,434.6666696678767,0.125,70
churchlandlab | CSHL049 | 2020-01-08,549,0,821.3666696829023,0.0625,70
churchlandlab | CSHL049 | 2020-01-08,570,0,258.2333364694023,0.0,70
churchlandlab | CSHL049 | 2020-01-08,575,0,234.50000316051955,0.125,70
churchlandlab | CSHL049 | 2020-01-08,579,0,758.1666698520166,0.0625,70
churchlandlab | CSHL049 | 2020-01-08,581,0,317.10000319844767,-0.0625,70
churchlandlab | CSHL049 | 2020-01-08,589,0,264.66666990017984,0.0625,70
churchlandlab | CSHL049 | 2020-01-08,607,0,254.1333366798426,-0.125,70
churchlandlab | CSHL049 | 2020-01-08,615,0,90.73333671767614,0.125,70
churchlandlab | CSHL049 | 2020-01-08,620,0,243.96667007567885,-0.125,70
churchlandlab | CSHL049 | 2020-01-08,624,1,169.3333367611558,1.0,70
churchlandlab | CSHL049 | 2020-01-08,630,0,216.16667013267943,0.0625,70
churchlandlab | CSHL049 | 2020-01-08,631,1,699.6666701397771,0.125,70
churchlandlab | CSHL049 | 2020-01-08,632,1,469.7333368112595,0.125,70
churchlandlab | CSHL049 | 2020-01-08,639,1,173.80000352341085,1.0,70
churchlandlab | CSHL049 | 2020-01-08,640,1,582.4666701964816,0.0625,70
churchlandlab | CSHL049 | 2020-01-08,643,1,3345.2333368882137,0.0,70
churchlandlab | CSHL049 | 2020-01-08,645,1,212.63333689603314,0.25,70
churchlandlab | CSHL049 | 2020-01-08,647,1,169.83333690586733,1.0,70
churchlandlab | CSHL049 | 2020-01-08,656,1,654.8333369555621,-0.125,70
churchlandlab | CSHL049 | 2020-01-08,658,1,1635.8000036361773,-0.0625,70
churchlandlab | CSHL049 | 2020-01-08,659,1,689.7666703084724,0.25,70
churchlandlab | CSHL049 | 2020-01-08,673,1,194.26667039169843,1.0,70
churchlandlab | CSHL049 | 2020-01-08,679,0,792.2666704225776,-0.0625,70
churchlandlab | CSHL049 | 2020-01-08,683,1,2517.00000378014,-0.0625,70
churchlandlab | CSHL049 | 2020-01-08,685,1,2774.0333371366432,0.125,70
churchlandlab | CSHL049 | 2020-01-08,707,0,1797.9000039208586,0.0625,70
churchlandlab | CSHL049 | 2020-01-08,709,0,903.0000039324477,0.0,70
churchlandlab | CSHL049 | 2020-01-08,714,0,380.2000039668201,0.25,70
churchlandlab | CSHL049 | 2020-01-08,727,0,546.5333373872454,0.125,70
churchlandlab | CSHL049 | 2020-01-08,739,0,1321.633337451658,0.0,70
churchlandlab | CSHL049 | 2020-01-08,742,1,1475.1000041392217,1.0,70
churchlandlab | CSHL049 | 2020-01-08,744,0,271.30000415809263,-0.125,70
churchlandlab | CSHL049 | 2020-01-08,745,0,418.43333749693556,0.125,70
churchlandlab | CSHL049 | 2020-01-08,755,0,2587.9666709511184,0.0625,70
churchlandlab | CSHL049 | 2020-01-08,757,1,119.73333763990013,1.0,70
churchlandlab | CSHL049 | 2020-01-08,763,0,2898.0666711090635,0.25,70
churchlandlab | CSHL049 | 2020-01-08,764,0,325.63333778171,0.125,70
churchlandlab | CSHL049 | 2020-01-08,767,1,249.4333378031115,0.25,70
churchlandlab | CSHL049 | 2020-01-08,771,1,147.4666711574173,1.0,70
churchlandlab | CSHL049 | 2020-01-08,775,1,261.5666711803897,0.25,70
churchlandlab | CSHL049 | 2020-01-08,779,1,256.0000045345987,0.125,70
churchlandlab | CSHL049 | 2020-01-08,780,1,920.5333378754403,0.0,70
churchlandlab | CSHL049 | 2020-01-08,781,1,359.3000045484587,0.0625,70
churchlandlab | CSHL049 | 2020-01-08,782,1,238.90000455276095,1.0,70
churchlandlab | CSHL049 | 2020-01-08,783,1,545.3000045577028,0.0625,70
churchlandlab | CSHL049 | 2020-01-08,785,1,574.0000045693705,0.125,70
churchlandlab | CSHL049 | 2020-01-08,787,1,1161.7666712472783,0.0,70
churchlandlab | CSHL049 | 2020-01-08,789,0,1508.6333379258576,0.0625,70
churchlandlab | CSHL049 | 2020-01-08,793,1,494.0333379522599,0.0625,70
churchlandlab | CSHL049 | 2020-01-08,794,1,350.9000046233268,-0.0625,70
churchlandlab | CSHL049 | 2020-01-08,795,0,3236.766671299847,0.0625,70
churchlandlab | CSHL049 | 2020-01-08,798,0,1461.6666713850464,0.0625,70
churchlandlab | CSHL049 | 2020-01-08,801,0,3710.4000047615955,0.125,70
churchlandlab | CSHL049 | 2020-01-08,803,0,3719.3333381601406,0.125,70
churchlandlab | CSHL049 | 2020-01-08,805,0,3084.533338187157,0.125,70
churchlandlab | CSHL049 | 2020-01-08,809,0,1337.7333382095458,0.25,70
churchlandlab | CSHL049 | 2020-01-08,815,0,472.7666715957639,-0.0625,70
churchlandlab | CSHL049 | 2020-01-08,816,0,1026.8666716010557,0.25,70
churchlandlab | CSHL049 | 2020-01-08,823,0,2368.3000049773,0.125,70
churchlandlab | CSHL049 | 2020-01-08,836,0,666.9000050669638,0.125,70
zadorlab | CSH_ZAD_026 | 2020-08-17,3,1,161.10970994823504,1.0,0
zadorlab | CSH_ZAD_026 | 2020-08-17,10,1,162.47318987619508,0.25,0
zadorlab | CSH_ZAD_026 | 2020-08-17,11,1,188.0650298652995,0.0,0
zadorlab | CSH_ZAD_026 | 2020-08-17,14,1,3207.08334981768,0.0,0
zadorlab | CSH_ZAD_026 | 2020-08-17,15,1,1527.7051798019984,-0.125,0
zadorlab | CSH_ZAD_026 | 2020-08-17,23,1,1919.6136796820297,0.0,0
zadorlab | CSH_ZAD_026 | 2020-08-17,24,1,1522.0420496675615,-0.0625,0
zadorlab | CSH_ZAD_026 | 2020-08-17,26,1,104.17225964101817,0.0625,0
zadorlab | CSH_ZAD_026 | 2020-08-17,32,1,1537.678979558649,1.0,0
zadorlab | CSH_ZAD_026 | 2020-08-17,37,1,2056.2709394955336,0.0,0
zadorlab | CSH_ZAD_026 | 2020-08-17,38,1,152.40751947987974,-0.0625,0
zadorlab | CSH_ZAD_026 | 2020-08-17,40,1,1851.804249452698,-0.0625,0
zadorlab | CSH_ZAD_026 | 2020-08-17,42,1,180.72598942370632,-0.0625,0
zadorlab | CSH_ZAD_026 | 2020-08-17,43,1,122.73615941128924,0.0,0
zadorlab | CSH_ZAD_026 | 2020-08-17,48,0,157.15801934385354,1.0,0
zadorlab | CSH_ZAD_026 | 2020-08-17,50,1,2593.8913893126596,-0.125,0
zadorlab | CSH_ZAD_026 | 2020-08-17,52,1,2403.958149279788,-0.125,0
zadorlab | CSH_ZAD_026 | 2020-08-17,53,0,151.0696992646956,0.25,0
zadorlab | CSH_ZAD_026 | 2020-08-17,54,0,155.01308924768864,-0.125,0
zadorlab | CSH_ZAD_026 | 2020-08-17,58,0,197.6932091960748,-0.125,0
zadorlab | CSH_ZAD_026 | 2020-08-17,64,1,188.33359910036052,-0.0625,0
zadorlab | CSH_ZAD_026 | 2020-08-17,65,0,121.69364907185809,-0.0625,0
zadorlab | CSH_ZAD_026 | 2020-08-17,66,1,3492.3018890526123,0.0625,0
zadorlab | CSH_ZAD_026 | 2020-08-17,77,1,2284.067388907829,1.0,0
zadorlab | CSH_ZAD_026 | 2020-08-17,81,1,2681.6640588526184,0.0625,0
zadorlab | CSH_ZAD_026 | 2020-08-17,82,1,824.5840888385487,1.0,0
zadorlab | CSH_ZAD_026 | 2020-08-17,84,0,254.71083880790957,-0.125,0
zadorlab | CSH_ZAD_026 | 2020-08-17,91,0,154.1910587188795,0.0625,0
zadorlab | CSH_ZAD_026 | 2020-08-17,92,1,145.79443870542264,0.0,0
zadorlab | CSH_ZAD_026 | 2020-08-17,100,1,2654.438028592665,0.0,0
zadorlab | CSH_ZAD_026 | 2020-08-17,102,1,2049.949808550423,0.125,0
zadorlab | CSH_ZAD_026 | 2020-08-17,104,1,1825.5800085188412,0.0,0
zadorlab | CSH_ZAD_026 | 2020-08-17,111,0,194.67181841633874,0.125,0
zadorlab | CSH_ZAD_026 | 2020-08-17,113,0,124.32528836041001,0.25,0
zadorlab | CSH_ZAD_026 | 2020-08-17,115,1,2369.708658330069,0.0,0
zadorlab | CSH_ZAD_026 | 2020-08-17,120,1,2676.2740282540562,0.0,0
zadorlab | CSH_ZAD_026 | 2020-08-17,121,1,176.7689082389552,0.0,0
zadorlab | CSH_ZAD_026 | 2020-08-17,122,1,1323.6657482264036,1.0,0
zadorlab | CSH_ZAD_026 | 2020-08-17,125,1,203.02751819360765,0.0,0
zadorlab | CSH_ZAD_026 | 2020-08-17,127,0,566.0775481700284,0.0,0
zadorlab | CSH_ZAD_026 | 2020-08-17,134,0,137.3792980888311,-0.125,0
zadorlab | CSH_ZAD_026 | 2020-08-17,145,0,337.39144793810283,0.25,0
zadorlab | CSH_ZAD_026 | 2020-08-17,147,0,197.43971791353943,-0.125,0
zadorlab | CSH_ZAD_026 | 2020-08-17,148,0,148.45317790434365,-0.125,0
zadorlab | CSH_ZAD_026 | 2020-08-17,149,0,418.996587893389,-0.0625,0
zadorlab | CSH_ZAD_026 | 2020-08-17,154,0,623.9882178388143,-0.0625,0
zadorlab | CSH_ZAD_026 | 2020-08-17,159,0,240.04353777559118,-0.125,0
zadorlab | CSH_ZAD_026 | 2020-08-17,161,0,526.5617777554326,0.125,0
zadorlab | CSH_ZAD_026 | 2020-08-17,163,0,401.7468677307079,0.0,0
zadorlab | CSH_ZAD_026 | 2020-08-17,170,1,2481.94050765062,0.0,0
zadorlab | CSH_ZAD_026 | 2020-08-17,172,0,235.15877762520176,-0.0625,0
zadorlab | CSH_ZAD_026 | 2020-08-17,176,0,174.26574756530044,0.0,0
zadorlab | CSH_ZAD_026 | 2020-08-17,187,0,191.28924743120024,-0.0625,0
zadorlab | CSH_ZAD_026 | 2020-08-17,193,1,2931.0295573635585,0.0,0
zadorlab | CSH_ZAD_026 | 2020-08-17,195,0,225.0811473381873,-0.125,0
zadorlab | CSH_ZAD_026 | 2020-08-17,199,0,167.74960728491806,-0.0625,0
zadorlab | CSH_ZAD_026 | 2020-08-17,204,0,108.68491721726059,-0.125,0
zadorlab | CSH_ZAD_026 | 2020-08-17,210,1,3460.310087132143,0.25,0
zadorlab | CSH_ZAD_026 | 2020-08-17,212,1,2656.836727103041,0.0,0
zadorlab | CSH_ZAD_026 | 2020-08-17,219,1,3268.4704170172836,0.0,0
zadorlab | CSH_ZAD_026 | 2020-08-17,225,1,2338.097126939715,0.125,0
zadorlab | CSH_ZAD_026 | 2020-08-17,236,1,367.1560067825794,0.0,0
zadorlab | CSH_ZAD_026 | 2020-08-17,237,0,151.72589676728876,0.125,0
zadorlab | CSH_ZAD_026 | 2020-08-17,243,1,205.42605670175362,0.0,0
zadorlab | CSH_ZAD_026 | 2020-08-17,245,0,347.54295667539736,0.0,0
zadorlab | CSH_ZAD_026 | 2020-08-17,247,0,111.53118665515649,-0.0625,0
zadorlab | CSH_ZAD_026 | 2020-08-17,250,0,473.8445766249697,0.0625,0
zadorlab | CSH_ZAD_026 | 2020-08-17,252,0,299.0412966009899,0.0625,0
zadorlab | CSH_ZAD_026 | 2020-08-17,256,0,192.77810655125904,-0.125,0
zadorlab | CSH_ZAD_026 | 2020-08-17,261,0,337.8382264979791,-0.125,0
zadorlab | CSH_ZAD_026 | 2020-08-17,285,0,301.64395620590767,-0.125,0
zadorlab | CSH_ZAD_026 | 2020-08-17,289,0,303.479066163618,-0.0625,0
zadorlab | CSH_ZAD_026 | 2020-08-17,294,1,3912.9275461025372,-0.125,0
zadorlab | CSH_ZAD_026 | 2020-08-17,299,0,108.07287603006444,0.25,0
zadorlab | CSH_ZAD_026 | 2020-08-17,302,0,102.49613599580698,0.0,0
zadorlab | CSH_ZAD_026 | 2020-08-17,308,1,459.12309593200007,0.125,0
zadorlab | CSH_ZAD_026 | 2020-08-17,312,1,275.186545891529,0.25,0
zadorlab | CSH_ZAD_026 | 2020-08-17,320,0,283.2934258055957,-0.0625,0
zadorlab | CSH_ZAD_026 | 2020-08-17,331,1,340.5552456904388,0.0,0
zadorlab | CSH_ZAD_026 | 2020-08-17,337,1,183.5621156117213,1.0,0
zadorlab | CSH_ZAD_026 | 2020-08-17,339,1,182.1938155906082,0.125,0
zadorlab | CSH_ZAD_026 | 2020-08-17,340,1,605.0289955794597,-0.125,0
zadorlab | CSH_ZAD_026 | 2020-08-17,345,1,148.18587549325457,0.0,0
zadorlab | CSH_ZAD_026 | 2020-08-17,347,1,1945.4559254631931,0.0,0
zadorlab | CSH_ZAD_026 | 2020-08-17,353,1,2436.5511153846455,0.125,0
zadorlab | CSH_ZAD_026 | 2020-08-17,354,1,214.31282537218976,0.0,0
zadorlab | CSH_ZAD_026 | 2020-08-17,368,1,2903.976615191823,0.0,0
zadorlab | CSH_ZAD_026 | 2020-08-17,373,1,172.5767751249805,0.0,0
zadorlab | CSH_ZAD_026 | 2020-08-17,376,1,718.7233550921519,-0.0625,0
zadorlab | CSH_ZAD_026 | 2020-08-17,379,1,230.12362505664896,0.0,0
zadorlab | CSH_ZAD_026 | 2020-08-17,380,1,2993.176985039554,0.0,0
zadorlab | CSH_ZAD_026 | 2020-08-17,382,1,552.7069250142631,1.0,0
zadorlab | CSH_ZAD_026 | 2020-08-17,384,1,219.35699498112626,0.0625,0
zadorlab | CSH_ZAD_026 | 2020-08-17,393,1,2937.0507548651403,-0.125,0
zadorlab | CSH_ZAD_026 | 2020-08-17,395,0,125.86750483887954,0.0,0
zadorlab | CSH_ZAD_026 | 2020-08-17,405,0,97.9644647159148,0.0,0
zadorlab | CSH_ZAD_026 | 2020-08-17,415,0,502.38790460980454,0.0,0
zadorlab | CSH_ZAD_026 | 2020-08-17,417,0,239.26628458798405,-0.125,0
zadorlab | CSH_ZAD_026 | 2020-08-17,428,0,147.28187441323826,0.25,0
zadorlab | CSH_ZAD_026 | 2020-08-17,429,1,265.56025439913356,0.0,0
zadorlab | CSH_ZAD_026 | 2020-08-17,430,0,171.7734743856454,-0.125,0
zadorlab | CSH_ZAD_026 | 2020-08-17,434,0,169.39523434507464,-0.125,0
zadorlab | CSH_ZAD_026 | 2020-08-17,438,0,136.80199430041284,0.0625,0
zadorlab | CSH_ZAD_026 | 2020-08-17,441,1,126.49056426516836,0.125,0
zadorlab | CSH_ZAD_026 | 2020-08-17,443,1,188.518964242121,0.125,0
zadorlab | CSH_ZAD_026 | 2020-08-17,466,0,419.8328439601937,-0.0625,0
zadorlab | CSH_ZAD_026 | 2020-08-17,475,0,284.10658386042087,-0.125,0
zadorlab | CSH_ZAD_026 | 2020-08-17,476,0,131.82994384987978,-0.125,0
zadorlab | CSH_ZAD_026 | 2020-08-17,477,0,135.30149383973367,1.0,0
zadorlab | CSH_ZAD_026 | 2020-08-17,480,0,158.23507380423507,-0.0625,0
zadorlab | CSH_ZAD_026 | 2020-08-17,482,0,206.47998378171906,-0.125,0
zadorlab | CSH_ZAD_026 | 2020-08-17,493,0,351.25692366432304,-0.0625,0
zadorlab | CSH_ZAD_026 | 2020-08-17,494,0,106.31878365393277,0.0625,0
zadorlab | CSH_ZAD_026 | 2020-08-17,496,0,134.2221636305112,1.0,0
zadorlab | CSH_ZAD_026 | 2020-08-17,499,0,174.99209359448287,-0.125,0
zadorlab | CSH_ZAD_026 | 2020-08-17,507,0,663.465813504672,0.0,0
zadorlab | CSH_ZAD_026 | 2020-08-17,508,0,97.37749349324076,-0.0625,0
zadorlab | CSH_ZAD_026 | 2020-08-17,509,0,363.0341934817807,0.0625,0
zadorlab | CSH_ZAD_026 | 2020-08-17,515,0,94.88768341293508,0.25,0
zadorlab | CSH_ZAD_026 | 2020-08-17,521,0,216.16954333876492,0.125,0
zadorlab | CSH_ZAD_026 | 2020-08-17,524,0,168.91118328976518,0.0625,0
zadorlab | CSH_ZAD_026 | 2020-08-17,526,0,2343.4730732583375,0.125,0
zadorlab | CSH_ZAD_026 | 2020-08-17,532,1,2832.4831731570157,0.0,0
zadorlab | CSH_ZAD_026 | 2020-08-17,537,1,3991.163493080876,0.0,0
zadorlab | CSH_ZAD_026 | 2020-08-17,539,1,234.07858305108675,1.0,0
zadorlab | CSH_ZAD_026 | 2020-08-17,541,1,2459.473513022658,0.0,0
zadorlab | CSH_ZAD_026 | 2020-08-17,548,1,3633.8572329227645,0.0,0
zadorlab | CSH_ZAD_026 | 2020-08-17,550,1,125.16717289645385,0.0,0
zadorlab | CSH_ZAD_026 | 2020-08-17,551,1,157.08731288532363,0.25,0
zadorlab | CSH_ZAD_026 | 2020-08-17,561,0,164.21093277494947,0.0,0
zadorlab | CSH_ZAD_026 | 2020-08-17,566,0,102.24594271494425,0.0,0
zadorlab | CSH_ZAD_026 | 2020-08-17,575,0,109.28953261691277,0.125,0
zadorlab | CSH_ZAD_026 | 2020-08-17,577,0,115.21791259247038,0.0,0
zadorlab | CSH_ZAD_026 | 2020-08-17,579,0,203.68647256782424,0.0625,0
zadorlab | CSH_ZAD_026 | 2020-08-17,581,0,164.36972253950444,-0.0625,0
zadorlab | CSH_ZAD_026 | 2020-08-17,596,1,621.1769323754197,1.0,0
zadorlab | CSH_ZAD_026 | 2020-08-17,598,0,134.65515235384373,-0.0625,0
zadorlab | CSH_ZAD_026 | 2020-08-17,601,0,202.9885923184338,0.0,0
zadorlab | CSH_ZAD_026 | 2020-08-17,603,0,110.35200229207476,0.25,0
zadorlab | CSH_ZAD_026 | 2020-08-17,619,1,227.37749209454705,0.0,0
zadorlab | CSH_ZAD_026 | 2020-08-17,621,0,113.88435206845315,-0.0625,0
zadorlab | CSH_ZAD_026 | 2020-08-17,624,0,123.05263203643335,1.0,0
zadorlab | CSH_ZAD_026 | 2020-08-17,629,1,145.69945197490597,0.0,0
zadorlab | CSH_ZAD_026 | 2020-08-17,630,1,278.8011519601241,0.0625,0
zadorlab | CSH_ZAD_026 | 2020-08-17,631,0,209.8945119482778,0.125,0
zadorlab | CSH_ZAD_026 | 2020-08-17,640,0,176.70644184499906,0.0625,0
zadorlab | CSH_ZAD_026 | 2020-08-17,643,1,276.9748917967263,0.0,0
zadorlab | CSH_ZAD_026 | 2020-08-17,644,1,119.72505178573556,0.0,0
zadorlab | CSH_ZAD_026 | 2020-08-17,645,1,102.20660177492391,0.25,0
zadorlab | CSH_ZAD_026 | 2020-08-17,649,1,3647.820211720955,0.0625,0
zadorlab | CSH_ZAD_026 | 2020-08-17,651,1,225.29513169502025,0.0,0
zadorlab | CSH_ZAD_026 | 2020-08-17,658,0,145.4387916151063,-0.0625,0
zadorlab | CSH_ZAD_026 | 2020-08-17,666,0,124.50389152400021,0.0,0
zadorlab | CSH_ZAD_026 | 2020-08-17,694,0,104.19143117678686,-0.125,0
zadorlab | CSH_ZAD_026 | 2020-08-17,701,0,604.6032710933105,-0.125,0
zadorlab | CSH_ZAD_026 | 2020-08-17,709,1,112.95870099502281,0.0,0
zadorlab | CSH_ZAD_026 | 2020-08-17,712,1,516.035330948398,0.0,0
zadorlab | CSH_ZAD_026 | 2020-08-17,717,1,3639.6506408727873,-0.0625,0
zadorlab | CSH_ZAD_026 | 2020-08-17,725,0,131.44918073021472,0.0,0
zadorlab | CSH_ZAD_026 | 2020-08-17,729,0,195.29110068424416,-0.125,0
zadorlab | CSH_ZAD_026 | 2020-08-17,731,0,112.9260406605681,-0.0625,0
zadorlab | CSH_ZAD_026 | 2020-08-17,733,0,137.12443063514002,-0.0625,0
zadorlab | CSH_ZAD_026 | 2020-08-17,736,0,114.08967060106079,-0.125,0
zadorlab | CSH_ZAD_026 | 2020-08-17,739,1,199.122940565303,0.0,0
zadorlab | CSH_ZAD_026 | 2020-08-17,740,1,176.22313055426275,0.25,0
zadorlab | CSH_ZAD_026 | 2020-08-17,742,1,186.67802053096239,1.0,0
zadorlab | CSH_ZAD_026 | 2020-08-17,748,1,190.22651046043393,0.25,0
zadorlab | CSH_ZAD_026 | 2020-08-17,749,1,220.65990044984574,0.0,0
zadorlab | CSH_ZAD_026 | 2020-08-17,753,1,318.1485303898626,0.0,0
zadorlab | CSH_ZAD_026 | 2020-08-17,758,0,300.99188032318125,0.0625,0
zadorlab | CSH_ZAD_026 | 2020-08-17,761,0,164.35046028436773,-0.0625,0
zadorlab | CSH_ZAD_026 | 2020-08-17,770,0,473.37391017799746,0.125,0
zadorlab | CSH_ZAD_026 | 2020-08-17,775,1,193.55588011603686,0.25,0
zadorlab | CSH_ZAD_026 | 2020-08-17,780,1,1344.8925500451878,0.0,0
zadorlab | CSH_ZAD_026 | 2020-08-17,781,0,291.6893000156051,0.0625,0
zadorlab | CSH_ZAD_026 | 2020-08-17,786,1,187.58461994593745,1.0,0
zadorlab | CSH_ZAD_026 | 2020-08-17,787,1,3281.2763199272013,0.0,0
zadorlab | CSH_ZAD_026 | 2020-08-17,789,0,122.01641989850032,0.0625,0
zadorlab | CSH_ZAD_026 | 2020-08-17,792,0,333.19651984766097,0.0625,0
zadorlab | CSH_ZAD_026 | 2020-08-17,793,0,164.84643983085334,0.0625,0
zadorlab | CSH_ZAD_026 | 2020-08-17,795,0,138.21994980389718,0.0625,0
zadorlab | CSH_ZAD_026 | 2020-08-17,796,0,122.25818978959069,0.0625,0
zadorlab | CSH_ZAD_026 | 2020-08-17,798,0,129.63992976301597,0.0625,0
zadorlab | CSH_ZAD_026 | 2020-08-17,801,0,137.60518972230784,0.125,0
zadorlab | CSH_ZAD_026 | 2020-08-17,811,0,173.18198960310838,-0.125,0
zadorlab | CSH_ZAD_026 | 2020-08-17,813,0,85.20038958022269,-0.125,0
zadorlab | CSH_ZAD_026 | 2020-08-17,814,0,98.94374956911633,-0.0625,0
zadorlab | CSH_ZAD_026 | 2020-08-17,818,0,146.020679522735,-0.0625,0
zadorlab | CSH_ZAD_026 | 2020-08-17,819,0,129.03737951137373,-0.125,0
zadorlab | CSH_ZAD_026 | 2020-08-17,823,0,80.04567946727548,0.125,0
zadorlab | CSH_ZAD_026 | 2020-08-17,826,0,310.9775694279051,-0.0625,0
zadorlab | CSH_ZAD_026 | 2020-08-17,829,0,348.7075093898966,-0.0625,0
zadorlab | CSH_ZAD_026 | 2020-08-17,832,0,84.57592935474167,0.125,0
zadorlab | CSH_ZAD_026 | 2020-08-17,839,0,128.98613927154656,0.0,0
zadorlab | CSH_ZAD_026 | 2020-08-17,841,1,277.6728892426945,0.0,0
zadorlab | CSH_ZAD_026 | 2020-08-17,842,1,185.7945892279531,0.125,0
zadorlab | CSH_ZAD_026 | 2020-08-17,849,0,290.24312914316397,-0.0625,0
zadorlab | CSH_ZAD_026 | 2020-08-17,854,0,186.9582690842435,-0.125,0
zadorlab | CSH_ZAD_026 | 2020-08-17,868,1,139.23373889656432,0.0,0
zadorlab | CSH_ZAD_026 | 2020-08-17,876,0,272.6073387948418,0.25,0
zadorlab | CSH_ZAD_026 | 2020-08-17,878,0,103.61238876748757,0.0625,0
zadorlab | CSH_ZAD_026 | 2020-08-17,881,0,375.93917872573,0.0625,0
zadorlab | CSH_ZAD_026 | 2020-08-17,882,1,254.67431871084045,0.0625,0
zadorlab | CSH_ZAD_026 | 2020-08-17,885,0,319.7993086655515,0.125,0
zadorlab | CSH_ZAD_026 | 2020-08-17,887,0,156.86771863784088,0.25,0
zadorlab | CSH_ZAD_026 | 2020-08-17,889,1,170.72792860562913,0.0,0
zadorlab | CSH_ZAD_026 | 2020-08-17,891,0,170.94950858290758,0.125,0
zadorlab | CSH_ZAD_026 | 2020-08-17,900,1,159.3366284637341,1.0,0
zadorlab | CSH_ZAD_026 | 2020-08-17,903,1,3263.9833784178336,0.0,0
zadorlab | CSH_ZAD_026 | 2020-08-17,904,1,504.71174839913147,0.125,0
zadorlab | CSH_ZAD_026 | 2020-08-17,908,1,183.31509835206816,0.0,0
zadorlab | CSH_ZAD_026 | 2020-08-17,912,0,252.14369830200667,-0.0625,0
zadorlab | CSH_ZAD_026 | 2020-08-17,914,1,3081.1869382696386,-0.0625,0
zadorlab | CSH_ZAD_026 | 2020-08-17,919,1,197.88213819765588,1.0,0
zadorlab | CSH_ZAD_026 | 2020-08-17,922,1,3027.923918151828,0.25,0
zadorlab | CSH_ZAD_026 | 2020-08-17,923,0,231.69063813747925,0.0625,0
zadorlab | CSH_ZAD_026 | 2020-08-17,924,1,243.89899812149451,0.25,0
zadorlab | CSH_ZAD_026 | 2020-08-17,925,0,346.80417810886865,0.0625,0
zadorlab | CSH_ZAD_026 | 2020-08-17,930,1,3322.0775080380918,0.0,0
zadorlab | CSH_ZAD_026 | 2020-08-17,931,1,280.22922802301764,1.0,0
zadorlab | CSH_ZAD_026 | 2020-08-17,932,1,363.43427801011785,0.0,0
zadorlab | CSH_ZAD_026 | 2020-08-17,936,1,286.5345679438178,0.0,0
zadorlab | CSH_ZAD_026 | 2020-08-17,946,0,110.746607801957,0.0625,0
zadorlab | CSH_ZAD_026 | 2020-08-17,949,0,209.2900377620026,-0.0625,0
zadorlab | CSH_ZAD_026 | 2020-08-17,960,1,225.35858761011696,0.0,0
zadorlab | CSH_ZAD_026 | 2020-08-17,961,1,366.028837570866,0.0,0
zadorlab | CSH_ZAD_026 | 2020-08-17,977,0,117.61268730197116,-0.0625,0
zadorlab | CSH_ZAD_026 | 2020-08-17,983,0,85.30970722813436,-0.125,0
zadorlab | CSH_ZAD_026 | 2020-08-17,989,0,188.57490714117375,-0.125,0
zadorlab | CSH_ZAD_026 | 2020-08-17,990,1,2982.5414471224576,0.0625,0
zadorlab | CSH_ZAD_026 | 2020-08-17,995,0,152.32665704388637,-0.125,0
zadorlab | CSH_ZAD_026 | 2020-08-17,997,0,391.5952170145829,0.0,0
zadorlab | CSH_ZAD_026 | 2020-08-17,998,1,1466.573436995077,0.0,0
zadorlab | CSH_ZAD_026 | 2020-08-17,999,1,3388.2019569741715,0.125,0
zadorlab | CSH_ZAD_026 | 2020-08-17,1001,1,163.7437069466614,0.0,0
zadorlab | CSH_ZAD_026 | 2020-08-17,1002,1,1138.5819569222804,0.0,0
zadorlab | CSH_ZAD_026 | 2020-08-17,1004,1,230.5088568937208,-0.0625,0
zadorlab | CSH_ZAD_026 | 2020-08-17,1007,1,206.50898683925334,0.0625,0
zadorlab | CSH_ZAD_026 | 2020-08-17,1008,1,119.06386682721859,0.0,0
zadorlab | CSH_ZAD_026 | 2020-08-17,1012,0,265.8823567589934,-0.125,0
zadorlab | CSH_ZAD_026 | 2020-08-17,1016,1,1895.682496704012,0.0,0
zadorlab | CSH_ZAD_026 | 2020-08-17,1020,1,2323.5976466448847,0.0625,0
zadorlab | CSH_ZAD_026 | 2020-08-17,1026,1,2530.596326561863,0.0625,0
zadorlab | CSH_ZAD_026 | 2020-08-17,1031,0,270.191346496631,-0.125,0
zadorlab | CSH_ZAD_026 | 2020-08-17,1034,1,110.76476645939692,0.25,0
zadorlab | CSH_ZAD_026 | 2020-08-17,1036,1,158.57833643167396,1.0,0
zadorlab | CSH_ZAD_026 | 2020-08-17,1039,0,214.79509639357275,0.0625,0
zadorlab | CSH_ZAD_026 | 2020-08-17,1044,0,131.34856632950687,-0.0625,0
zadorlab | CSH_ZAD_026 | 2020-08-17,1055,0,234.06224619066052,0.0625,0
zadorlab | CSH_ZAD_026 | 2020-08-17,1058,1,2972.112366142028,0.0,0
zadorlab | CSH_ZAD_026 | 2020-08-17,1059,1,141.78574612196826,0.0,0
zadorlab | CSH_ZAD_026 | 2020-08-17,1063,1,134.68260604986426,0.0,0
zadorlab | CSH_ZAD_026 | 2020-08-17,1074,1,277.5278858725869,0.25,0
zadorlab | CSH_ZAD_026 | 2020-08-17,1075,1,3156.3896058523824,0.0,0
zadorlab | CSH_ZAD_026 | 2020-08-17,1097,1,268.8042053459867,1.0,0
zadorlab | CSH_ZAD_026 | 2020-08-17,1099,1,2987.69429530239,1.0,0
danlab | DY_014 | 2020-07-18,4,1,169.62315997571764,-0.0625,4
danlab | DY_014 | 2020-07-18,7,0,3242.7287899573544,0.125,4
danlab | DY_014 | 2020-07-18,8,0,177.84827994838537,0.0625,4
danlab | DY_014 | 2020-07-18,9,0,162.4821599416535,0.0625,4
danlab | DY_014 | 2020-07-18,10,0,177.20835993554118,-0.125,4
danlab | DY_014 | 2020-07-18,11,0,159.97507993088078,0.0625,4
danlab | DY_014 | 2020-07-18,12,0,123.52063991827578,-0.125,4
danlab | DY_014 | 2020-07-18,13,0,103.19349991404891,0.0625,4
danlab | DY_014 | 2020-07-18,21,0,161.34288980964584,-0.125,4
danlab | DY_014 | 2020-07-18,25,0,211.12582979125705,0.0625,4
danlab | DY_014 | 2020-07-18,27,0,170.85593976281643,0.0,4
danlab | DY_014 | 2020-07-18,33,0,114.7483797272173,-0.0625,4
danlab | DY_014 | 2020-07-18,35,0,255.44458970958317,-0.125,4
danlab | DY_014 | 2020-07-18,38,0,150.4879896882585,-0.125,4
danlab | DY_014 | 2020-07-18,43,0,162.03660964035294,-0.125,4
danlab | DY_014 | 2020-07-18,49,0,109.64194958330609,0.0625,4
danlab | DY_014 | 2020-07-18,50,1,142.15416957739535,-0.0625,4
danlab | DY_014 | 2020-07-18,54,0,170.77774953452263,0.0,4
danlab | DY_014 | 2020-07-18,62,0,1560.0379694903381,-0.125,4
danlab | DY_014 | 2020-07-18,64,1,476.7691694796099,0.0,4
danlab | DY_014 | 2020-07-18,72,0,152.7749894247563,-0.125,4
danlab | DY_014 | 2020-07-18,74,1,207.5200394157264,1.0,4
danlab | DY_014 | 2020-07-18,88,0,361.4835392867235,0.0,4
danlab | DY_014 | 2020-07-18,89,0,164.00700926266154,-0.0625,4
danlab | DY_014 | 2020-07-18,94,0,120.54046923987016,-0.125,4
danlab | DY_014 | 2020-07-18,96,0,245.11216923087886,-0.125,4
danlab | DY_014 | 2020-07-18,98,0,155.59777922186413,0.0,4
danlab | DY_014 | 2020-07-18,101,0,85.84391920669532,0.0,4
danlab | DY_014 | 2020-07-18,104,0,2438.8129691825498,-0.0625,4
danlab | DY_014 | 2020-07-18,107,1,135.2374691668956,0.25,4
danlab | DY_014 | 2020-07-18,109,0,203.8413991580228,-0.125,4
danlab | DY_014 | 2020-07-18,110,1,191.05753915357582,0.0,4
danlab | DY_014 | 2020-07-18,111,0,244.85479914733332,-0.0625,4
danlab | DY_014 | 2020-07-18,112,0,221.16153912600112,-0.0625,4
danlab | DY_014 | 2020-07-18,115,0,182.34786910295497,0.0625,4
danlab | DY_014 | 2020-07-18,117,0,3370.4012790832394,0.0625,4
danlab | DY_014 | 2020-07-18,120,0,2545.7335790630395,0.0625,4
danlab | DY_014 | 2020-07-18,122,1,425.1931490462084,0.0625,4
danlab | DY_014 | 2020-07-18,127,1,174.43555900479168,0.0,4
danlab | DY_014 | 2020-07-18,130,1,150.03181899135143,0.0,4
danlab | DY_014 | 2020-07-18,133,1,119.06533894625682,-0.0625,4
danlab | DY_014 | 2020-07-18,134,1,238.59205894018487,0.25,4
danlab | DY_014 | 2020-07-18,151,0,143.63503880269946,0.125,4
danlab | DY_014 | 2020-07-18,153,0,90.82288879199041,0.25,4
danlab | DY_014 | 2020-07-18,154,0,1575.3534787845638,0.0625,4
danlab | DY_014 | 2020-07-18,158,0,108.15639875943361,0.0625,4
danlab | DY_014 | 2020-07-18,174,1,154.18694865797988,1.0,4
danlab | DY_014 | 2020-07-18,182,1,169.4211585853509,-0.0625,4
danlab | DY_014 | 2020-07-18,186,1,118.85133855594177,0.25,4
danlab | DY_014 | 2020-07-18,192,0,142.61321852120545,-0.0625,4
danlab | DY_014 | 2020-07-18,196,0,107.05841847811826,-0.125,4
danlab | DY_014 | 2020-07-18,199,0,132.36460846451337,0.0625,4
danlab | DY_014 | 2020-07-18,202,0,101.38860844870123,-0.125,4
danlab | DY_014 | 2020-07-18,204,0,105.30477843906283,0.125,4
danlab | DY_014 | 2020-07-18,206,1,243.89371842880792,-0.0625,4
danlab | DY_014 | 2020-07-18,208,1,194.6533383984388,0.0,4
danlab | DY_014 | 2020-07-18,209,0,145.67171839075854,-0.125,4
danlab | DY_014 | 2020-07-18,212,0,160.8740183669397,0.0625,4
danlab | DY_014 | 2020-07-18,219,0,392.49554829552835,-0.125,4
danlab | DY_014 | 2020-07-18,225,1,145.8562582677132,0.0,4
danlab | DY_014 | 2020-07-18,234,1,202.2296481545709,0.0,4
danlab | DY_014 | 2020-07-18,239,1,136.09210811137018,1.0,4
danlab | DY_014 | 2020-07-18,240,1,125.0721081064512,-0.0625,4
danlab | DY_014 | 2020-07-18,242,1,153.48497809418404,0.0,4
danlab | DY_014 | 2020-07-18,248,0,230.60848806494505,-0.125,4
danlab | DY_014 | 2020-07-18,250,1,140.7168380553685,1.0,4
danlab | DY_014 | 2020-07-18,255,1,174.91095801324263,-0.0625,4
danlab | DY_014 | 2020-07-18,257,1,155.1821480002218,0.125,4
danlab | DY_014 | 2020-07-18,267,0,195.89081794197227,-0.125,4
danlab | DY_014 | 2020-07-18,269,1,157.63148791438653,-0.125,4
danlab | DY_014 | 2020-07-18,271,1,274.34988790309944,-0.0625,4
danlab | DY_014 | 2020-07-18,272,1,160.0882478926451,-0.0625,4
danlab | DY_014 | 2020-07-18,279,1,160.90699781534568,-0.0625,4
danlab | DY_014 | 2020-07-18,280,0,81.55540780899173,-0.0625,4
danlab | DY_014 | 2020-07-18,281,0,202.33322780404706,-0.0625,4
danlab | DY_014 | 2020-07-18,288,0,123.11879768776635,-0.125,4
danlab | DY_014 | 2020-07-18,289,0,99.80715768324444,-0.125,4
danlab | DY_014 | 2020-07-18,290,1,143.0260676781927,0.125,4
danlab | DY_014 | 2020-07-18,291,1,139.5439476732463,-0.0625,4
danlab | DY_014 | 2020-07-18,292,0,109.20725766663963,-0.0625,4
danlab | DY_014 | 2020-07-18,293,1,165.3895376618948,1.0,4
danlab | DY_014 | 2020-07-18,296,0,3465.3806976455144,0.0625,4
danlab | DY_014 | 2020-07-18,298,0,97.3974676310263,0.0625,4
danlab | DY_014 | 2020-07-18,299,0,167.10640762403273,0.0625,4
danlab | DY_014 | 2020-07-18,311,1,115.63421740197555,-0.125,4
danlab | DY_014 | 2020-07-18,317,0,1688.7944073689596,-0.125,4
danlab | DY_014 | 2020-07-18,321,0,86.54268727855197,0.0,4
danlab | DY_014 | 2020-07-18,322,0,908.176027272475,-0.0625,4
danlab | DY_014 | 2020-07-18,323,0,149.70280725742668,-0.0625,4
danlab | DY_014 | 2020-07-18,324,0,2768.571717251234,-0.125,4
danlab | DY_014 | 2020-07-18,342,1,223.25827696863598,-0.125,4
danlab | DY_014 | 2020-07-18,343,1,173.27184692112496,-0.0625,4
danlab | DY_014 | 2020-07-18,345,1,214.25305690968344,-0.125,4
danlab | DY_014 | 2020-07-18,348,1,124.72034689358225,0.0,4
danlab | DY_014 | 2020-07-18,351,1,163.53202687878365,-0.0625,4
danlab | DY_014 | 2020-07-18,357,1,139.850556848387,-0.0625,4
danlab | DY_014 | 2020-07-18,364,1,85.07749679756671,0.0,4
danlab | DY_014 | 2020-07-18,371,1,145.1221867619097,-0.125,4
danlab | DY_014 | 2020-07-18,377,0,140.49590669083045,0.0,4
danlab | DY_014 | 2020-07-18,379,1,131.07758668002134,-0.0625,4
danlab | DY_014 | 2020-07-18,383,0,269.5966366486573,-0.0625,4
danlab | DY_014 | 2020-07-18,388,0,236.69469660126197,-0.125,4
danlab | DY_014 | 2020-07-18,393,1,82.42998655032352,-0.125,4
danlab | DY_014 | 2020-07-18,396,1,120.17232653215615,-0.0625,4
danlab | DY_014 | 2020-07-18,398,1,179.26402652074103,0.125,4
danlab | DY_014 | 2020-07-18,403,0,2582.2802764905646,0.0,4
danlab | DY_014 | 2020-07-18,404,0,791.9892464751683,-0.0625,4
danlab | DY_014 | 2020-07-18,406,0,103.7172864371314,-0.125,4
danlab | DY_014 | 2020-07-18,410,1,328.6674264004432,-0.0625,4
danlab | DY_014 | 2020-07-18,412,0,333.71136638834287,-0.125,4
danlab | DY_014 | 2020-07-18,416,1,277.7531563579032,0.0625,4
danlab | DY_014 | 2020-07-18,417,1,164.44938635322615,-0.0625,4
danlab | DY_014 | 2020-07-18,418,1,178.86658634643027,0.0,4
danlab | DY_014 | 2020-07-18,427,1,3320.0551862951215,-0.0625,4
danlab | DY_014 | 2020-07-18,429,1,229.12479627893845,0.0625,4
danlab | DY_014 | 2020-07-18,430,0,1343.3814362729208,0.0625,4
danlab | DY_014 | 2020-07-18,434,0,1178.7055062363834,0.0625,4
danlab | DY_014 | 2020-07-18,435,1,226.03396622798755,0.0,4
danlab | DY_014 | 2020-07-18,439,1,137.2818062072838,0.0,4
danlab | DY_014 | 2020-07-18,440,1,186.76406620079433,0.125,4
danlab | DY_014 | 2020-07-18,442,0,148.4285961914793,-0.125,4
danlab | DY_014 | 2020-07-18,449,1,550.215446155562,0.0625,4
danlab | DY_014 | 2020-07-18,459,1,105.19818605098408,-0.0625,4
danlab | DY_014 | 2020-07-18,460,1,136.16986604438353,0.25,4
danlab | DY_014 | 2020-07-18,462,1,144.01661603369575,0.0,4
danlab | DY_014 | 2020-07-18,463,1,185.7066560273779,0.125,4
danlab | DY_014 | 2020-07-18,470,1,146.4380159909524,-0.0625,4
danlab | DY_014 | 2020-07-18,472,1,80.88638597837416,0.0,4
danlab | DY_014 | 2020-07-18,475,1,187.14673592012332,0.0,4
danlab | DY_014 | 2020-07-18,476,0,344.0089359119156,-0.125,4
danlab | DY_014 | 2020-07-18,477,1,257.2423159058417,0.0625,4
danlab | DY_014 | 2020-07-18,478,1,144.9451459006923,0.25,4
danlab | DY_014 | 2020-07-18,481,1,123.07861587214575,-0.125,4
danlab | DY_014 | 2020-07-18,483,0,84.25867586038294,-0.125,4
danlab | DY_014 | 2020-07-18,484,1,162.56205585341377,-0.0625,4
danlab | DY_014 | 2020-07-18,485,1,156.2759658459072,0.0,4
danlab | DY_014 | 2020-07-18,487,0,263.4754858290762,-0.125,4
danlab | DY_014 | 2020-07-18,488,1,98.4443558240855,-0.0625,4
danlab | DY_014 | 2020-07-18,493,0,160.02945571653981,-0.125,4
danlab | DY_014 | 2020-07-18,494,1,1131.111145711202,0.0625,4
danlab | DY_014 | 2020-07-18,497,0,127.64183568424414,-0.125,4
danlab | DY_014 | 2020-07-18,503,1,217.1925355564781,0.125,4
danlab | DY_014 | 2020-07-18,504,0,282.0042755374743,-0.125,4
danlab | DY_014 | 2020-07-18,507,1,116.29892550990917,-0.0625,4
danlab | DY_014 | 2020-07-18,509,1,323.2725054663206,-0.0625,4
danlab | DY_014 | 2020-07-18,515,1,194.33770542445927,-0.0625,4
danlab | DY_014 | 2020-07-18,517,1,164.30108541226218,1.0,4
danlab | DY_014 | 2020-07-18,518,1,165.39447540753827,-0.0625,4
danlab | DY_014 | 2020-07-18,521,0,200.59509539078135,-0.0625,4
danlab | DY_014 | 2020-07-18,523,0,475.10657532893674,-0.125,4
danlab | DY_014 | 2020-07-18,526,1,175.36026526477144,-0.0625,4
danlab | DY_014 | 2020-07-18,528,0,2412.330275251861,-0.0625,4
danlab | DY_014 | 2020-07-18,531,1,138.14968515589499,0.0,4
danlab | DY_014 | 2020-07-18,533,1,197.7081051386449,-0.0625,4
danlab | DY_014 | 2020-07-18,534,0,2945.0142851305827,0.0625,4
danlab | DY_014 | 2020-07-18,541,1,257.3545550849303,0.0,4
danlab | DY_014 | 2020-07-18,546,1,252.07863504556371,0.0,4
danlab | DY_014 | 2020-07-18,549,0,122.30715500800216,-0.125,4
hoferlab | SWC_061 | 2020-11-23,6,1,1852.8481598808355,-0.0625,30
hoferlab | SWC_061 | 2020-11-23,10,1,2643.91011981256,-0.0625,30
hoferlab | SWC_061 | 2020-11-23,12,0,1100.9667497820742,-0.0625,30
hoferlab | SWC_061 | 2020-11-23,13,0,455.71193976209656,-0.0625,30
hoferlab | SWC_061 | 2020-11-23,15,1,766.7219997299526,-0.0625,30
hoferlab | SWC_061 | 2020-11-23,16,0,1943.915399698568,-0.0625,30
hoferlab | SWC_061 | 2020-11-23,17,0,180.75366968474782,-0.25,30
hoferlab | SWC_061 | 2020-11-23,18,1,212.36546967540448,-0.125,30
hoferlab | SWC_061 | 2020-11-23,19,0,359.89387965412334,0.0,30
hoferlab | SWC_061 | 2020-11-23,20,0,2366.435589628082,-0.0625,30
hoferlab | SWC_061 | 2020-11-23,23,1,1565.6290495813323,0.0,30
hoferlab | SWC_061 | 2020-11-23,25,1,1580.6357895455392,0.0,30
hoferlab | SWC_061 | 2020-11-23,26,0,223.07908953393962,0.0625,30
hoferlab | SWC_061 | 2020-11-23,27,1,193.70589952092132,-0.25,30
hoferlab | SWC_061 | 2020-11-23,30,0,235.94441945070344,0.0625,30
hoferlab | SWC_061 | 2020-11-23,33,1,319.1645294065495,0.125,30
hoferlab | SWC_061 | 2020-11-23,36,1,252.0111793729427,-0.125,30
hoferlab | SWC_061 | 2020-11-23,37,1,257.9228893503398,0.0,30
hoferlab | SWC_061 | 2020-11-23,40,1,733.1764493097239,-0.0625,30
hoferlab | SWC_061 | 2020-11-23,41,0,202.22472929384594,-1.0,30
hoferlab | SWC_061 | 2020-11-23,43,0,1601.7980992703542,0.0,30
hoferlab | SWC_061 | 2020-11-23,45,1,484.3366192372969,0.0,30
hoferlab | SWC_061 | 2020-11-23,49,1,300.4684491788794,-0.0625,30
hoferlab | SWC_061 | 2020-11-23,51,0,1555.486759149801,-0.0625,30
hoferlab | SWC_061 | 2020-11-23,52,1,189.95678913842085,0.25,30
hoferlab | SWC_061 | 2020-11-23,54,0,2713.766849107799,0.0625,30
hoferlab | SWC_061 | 2020-11-23,60,1,1478.1821990135882,0.0,30
hoferlab | SWC_061 | 2020-11-23,62,1,239.69382898945923,-0.125,30
hoferlab | SWC_061 | 2020-11-23,65,1,1097.1323689484507,0.0,30
hoferlab | SWC_061 | 2020-11-23,70,1,1054.5792388770678,0.0,30
hoferlab | SWC_061 | 2020-11-23,78,1,713.771068772644,0.0,30
hoferlab | SWC_061 | 2020-11-23,84,1,974.6779187029802,0.125,30
hoferlab | SWC_061 | 2020-11-23,85,1,1014.3413886908093,-0.25,30
hoferlab | SWC_061 | 2020-11-23,87,1,331.1331386604479,0.25,30
hoferlab | SWC_061 | 2020-11-23,90,1,304.54321862026745,0.0,30
hoferlab | SWC_061 | 2020-11-23,91,0,170.25995860558396,-1.0,30
hoferlab | SWC_061 | 2020-11-23,94,0,207.06172856654348,-1.0,30
hoferlab | SWC_061 | 2020-11-23,96,1,1033.7916585414177,-0.125,30
hoferlab | SWC_061 | 2020-11-23,100,0,795.5036184761184,0.25,30
hoferlab | SWC_061 | 2020-11-23,103,0,3681.7487184279116,-0.0625,30
hoferlab | SWC_061 | 2020-11-23,105,0,2663.680558374949,-0.0625,30
hoferlab | SWC_061 | 2020-11-23,112,1,1005.0974682837932,0.0,30
hoferlab | SWC_061 | 2020-11-23,119,0,1340.6126681991282,-0.125,30
hoferlab | SWC_061 | 2020-11-23,120,1,189.19428818696815,0.0,30
hoferlab | SWC_061 | 2020-11-23,121,0,208.03945816885516,-0.25,30
hoferlab | SWC_061 | 2020-11-23,125,1,2697.517738120382,0.0,30
hoferlab | SWC_061 | 2020-11-23,126,1,212.017808108385,-0.125,30
hoferlab | SWC_061 | 2020-11-23,131,1,161.80143803910596,0.0,30
hoferlab | SWC_061 | 2020-11-23,134,0,256.57642800535996,0.0,30
hoferlab | SWC_061 | 2020-11-23,136,1,1030.5566079775872,0.0,30
hoferlab | SWC_061 | 2020-11-23,138,0,199.64665794873326,-0.25,30
hoferlab | SWC_061 | 2020-11-23,144,1,197.20183788138002,1.0,30
hoferlab | SWC_061 | 2020-11-23,146,0,735.278577853137,0.125,30
hoferlab | SWC_061 | 2020-11-23,157,1,2240.5688776957504,0.0,30
hoferlab | SWC_061 | 2020-11-23,162,0,280.20918762013025,0.0,30
hoferlab | SWC_061 | 2020-11-23,166,0,685.9325475639935,0.0,30
hoferlab | SWC_061 | 2020-11-23,169,0,249.4677675293815,-0.0625,30
hoferlab | SWC_061 | 2020-11-23,174,0,80.58947746690137,-0.125,30
hoferlab | SWC_061 | 2020-11-23,176,0,3776.3196674262645,0.125,30
hoferlab | SWC_061 | 2020-11-23,177,0,477.67630740872846,0.0,30
hoferlab | SWC_061 | 2020-11-23,178,0,476.71643739738556,0.0,30
hoferlab | SWC_061 | 2020-11-23,182,0,130.01988734924907,-0.25,30
hoferlab | SWC_061 | 2020-11-23,183,0,520.6365773311745,0.0,30
hoferlab | SWC_061 | 2020-11-23,191,1,231.30023722319493,0.25,30
hoferlab | SWC_061 | 2020-11-23,197,0,164.47360716085768,-0.25,30
hoferlab | SWC_061 | 2020-11-23,200,0,176.23879712766666,-1.0,30
hoferlab | SWC_061 | 2020-11-23,203,1,184.7254570914174,0.125,30
hoferlab | SWC_061 | 2020-11-23,204,0,294.2138370705152,-0.0625,30
hoferlab | SWC_061 | 2020-11-23,205,0,859.0039970561065,-0.0625,30
hoferlab | SWC_061 | 2020-11-23,209,1,199.51233700521698,-0.0625,30
hoferlab | SWC_061 | 2020-11-23,213,0,271.7726269331706,0.125,30
hoferlab | SWC_061 | 2020-11-23,214,0,495.8642369150539,0.0625,30
hoferlab | SWC_061 | 2020-11-23,218,0,1436.6944368408667,0.0625,30
hoferlab | SWC_061 | 2020-11-23,224,1,3936.682986752089,0.0,30
hoferlab | SWC_061 | 2020-11-23,225,1,215.71148673774587,-0.0625,30
hoferlab | SWC_061 | 2020-11-23,227,1,2439.0597567087298,0.0,30
hoferlab | SWC_061 | 2020-11-23,232,0,838.9366266376328,-0.0625,30
hoferlab | SWC_061 | 2020-11-23,234,0,597.1367866115997,0.0,30
hoferlab | SWC_061 | 2020-11-23,238,1,792.5135065586346,-0.0625,30
hoferlab | SWC_061 | 2020-11-23,242,1,103.42697650662558,0.0,30
hoferlab | SWC_061 | 2020-11-23,243,0,141.99370648861986,0.0,30
hoferlab | SWC_061 | 2020-11-23,244,0,1026.7587064722647,0.0,30
hoferlab | SWC_061 | 2020-11-23,247,1,214.31559643679066,-0.125,30
hoferlab | SWC_061 | 2020-11-23,248,1,1156.6655164162967,0.0,30
hoferlab | SWC_061 | 2020-11-23,250,1,2739.927266386985,0.0,30
hoferlab | SWC_061 | 2020-11-23,258,1,2557.884276285904,0.0,30
hoferlab | SWC_061 | 2020-11-23,263,1,2582.3460662070374,-0.0625,30
hoferlab | SWC_061 | 2020-11-23,266,0,2535.236326157701,-0.0625,30
hoferlab | SWC_061 | 2020-11-23,267,0,290.4412661425795,-0.0625,30
hoferlab | SWC_061 | 2020-11-23,269,0,843.2397661147206,-0.0625,30
hoferlab | SWC_061 | 2020-11-23,270,0,404.1697861002831,-0.0625,30
hoferlab | SWC_061 | 2020-11-23,275,1,236.93829602734695,-0.125,30
hoferlab | SWC_061 | 2020-11-23,276,0,322.9732360127855,-0.0625,30
hoferlab | SWC_061 | 2020-11-23,277,0,483.47328600129913,0.0,30
hoferlab | SWC_061 | 2020-11-23,286,0,524.145345881152,-0.0625,30
hoferlab | SWC_061 | 2020-11-23,289,0,556.0321358436795,-0.0625,30
hoferlab | SWC_061 | 2020-11-23,292,0,1443.253875765322,0.0,30
hoferlab | SWC_061 | 2020-11-23,294,0,3673.218995721527,0.0,30
hoferlab | SWC_061 | 2020-11-23,296,0,242.12750569563468,-0.125,30
hoferlab | SWC_061 | 2020-11-23,297,0,218.29419568257435,-0.0625,30
hoferlab | SWC_061 | 2020-11-23,298,0,816.0257856713997,-0.0625,30
hoferlab | SWC_061 | 2020-11-23,302,0,443.38595561475813,0.0625,30
hoferlab | SWC_061 | 2020-11-23,304,0,432.01434558591245,0.0,30
hoferlab | SWC_061 | 2020-11-23,305,0,369.6410655695672,0.0,30
hoferlab | SWC_061 | 2020-11-23,306,0,174.98789554861105,-1.0,30
hoferlab | SWC_061 | 2020-11-23,311,1,151.71971548443253,1.0,30
hoferlab | SWC_061 | 2020-11-23,312,1,608.2546654708949,0.0,30
hoferlab | SWC_061 | 2020-11-23,317,1,595.309825404911,-0.125,30
hoferlab | SWC_061 | 2020-11-23,318,1,655.4782853900178,0.0,30
hoferlab | SWC_061 | 2020-11-23,326,1,270.50031525823215,-0.125,30
hoferlab | SWC_061 | 2020-11-23,328,1,456.3836052316219,-0.0625,30
hoferlab | SWC_061 | 2020-11-23,331,1,632.4420651869787,-0.0625,30
hoferlab | SWC_061 | 2020-11-23,334,0,1392.3589151490887,0.0,30
hoferlab | SWC_061 | 2020-11-23,335,1,2654.338875126996,0.0,30
hoferlab | SWC_061 | 2020-11-23,336,0,751.1206951098757,0.0,30
hoferlab | SWC_061 | 2020-11-23,342,1,362.3575150184024,0.0,30
hoferlab | SWC_061 | 2020-11-23,344,1,454.814324988547,0.0625,30
hoferlab | SWC_061 | 2020-11-23,350,0,2652.497904900656,-0.0625,30
hoferlab | SWC_061 | 2020-11-23,351,0,546.7629748736726,0.0625,30
hoferlab | SWC_061 | 2020-11-23,352,0,373.41140484227253,0.125,30
hoferlab | SWC_061 | 2020-11-23,355,0,214.27486478296487,0.25,30
hoferlab | SWC_061 | 2020-11-23,356,0,2635.0799047593227,0.0625,30
hoferlab | SWC_061 | 2020-11-23,365,1,538.6152846199366,0.0,30
hoferlab | SWC_061 | 2020-11-23,366,1,125.64371458779533,1.0,30
hoferlab | SWC_061 | 2020-11-23,371,1,242.1337745290657,0.0,30
hoferlab | SWC_061 | 2020-11-23,378,1,215.33249441586122,0.125,30
hoferlab | SWC_061 | 2020-11-23,379,1,1130.63909440325,-0.125,30
hoferlab | SWC_061 | 2020-11-23,386,1,557.3944442962784,-0.0625,30
hoferlab | SWC_061 | 2020-11-23,387,1,581.9528442777937,0.0,30
hoferlab | SWC_061 | 2020-11-23,399,1,219.56316411819898,0.0625,30
hoferlab | SWC_061 | 2020-11-23,400,1,280.3065441000854,0.125,30
hoferlab | SWC_061 | 2020-11-23,404,1,1936.2884740426125,0.0,30
hoferlab | SWC_061 | 2020-11-23,405,1,149.4101540270094,0.0,30
hoferlab | SWC_061 | 2020-11-23,407,1,3601.350163984307,-0.0625,30
hoferlab | SWC_061 | 2020-11-23,412,1,1548.8738139106317,0.0,30
hoferlab | SWC_061 | 2020-11-23,414,1,369.2872138774419,-0.0625,30
hoferlab | SWC_061 | 2020-11-23,418,0,209.747433800203,-0.25,30
hoferlab | SWC_061 | 2020-11-23,425,0,811.5908637164466,-0.0625,30
hoferlab | SWC_061 | 2020-11-23,426,0,204.13935370288527,-0.25,30
hoferlab | SWC_061 | 2020-11-23,428,1,176.61606367278182,1.0,30
hoferlab | SWC_061 | 2020-11-23,429,0,853.1961036608209,-0.0625,30
hoferlab | SWC_061 | 2020-11-23,432,0,307.10957361930014,-0.0625,30
hoferlab | SWC_061 | 2020-11-23,434,1,218.05453359047533,0.25,30
hoferlab | SWC_061 | 2020-11-23,437,1,151.7079635477785,1.0,30
hoferlab | SWC_061 | 2020-11-23,441,0,146.0581035003088,-0.0625,30
hoferlab | SWC_061 | 2020-11-23,442,0,356.7248134854708,-0.0625,30
hoferlab | SWC_061 | 2020-11-23,449,0,209.48842336838425,-1.0,30
hoferlab | SWC_061 | 2020-11-23,456,0,211.25045327744374,0.0,30
hoferlab | SWC_061 | 2020-11-23,457,1,283.96216326109425,0.0625,30
hoferlab | SWC_061 | 2020-11-23,461,1,333.3071832093992,-0.0625,30
hoferlab | SWC_061 | 2020-11-23,464,1,188.31070313626697,-0.25,30
hoferlab | SWC_061 | 2020-11-23,471,0,708.5126730166849,0.0625,30
hoferlab | SWC_061 | 2020-11-23,472,0,171.48784299524777,0.0625,30
hoferlab | SWC_061 | 2020-11-23,473,1,2448.4328729708977,-0.125,30
hoferlab | SWC_061 | 2020-11-23,474,1,2147.157832949688,-0.0625,30
hoferlab | SWC_061 | 2020-11-23,478,0,1697.307252527935,0.0625,30
hoferlab | SWC_061 | 2020-11-23,481,1,143.7883521166441,1.0,30
hoferlab | SWC_061 | 2020-11-23,482,0,2406.130062084685,0.0625,30
hoferlab | SWC_061 | 2020-11-23,484,1,255.76518205161847,-0.0625,30
hoferlab | SWC_061 | 2020-11-23,485,1,205.26364203715275,-0.0625,30
hoferlab | SWC_061 | 2020-11-23,488,1,669.3887619921952,-0.125,30
hoferlab | SWC_061 | 2020-11-23,490,0,827.4421919572887,0.0,30
hoferlab | SWC_061 | 2020-11-23,491,1,285.4937719416739,-0.0625,30
hoferlab | SWC_061 | 2020-11-23,493,0,269.4473019109864,-0.0625,30
hoferlab | SWC_061 | 2020-11-23,500,0,177.3658018137212,-1.0,30
hoferlab | SWC_061 | 2020-11-23,502,0,136.38422177336906,-0.125,30
hoferlab | SWC_061 | 2020-11-23,503,0,143.8643517581113,-1.0,30
hoferlab | SWC_061 | 2020-11-23,509,1,1056.2045016622505,-0.0625,30
hoferlab | SWC_061 | 2020-11-23,515,0,329.8664015751456,-0.0625,30
hoferlab | SWC_061 | 2020-11-23,518,1,360.77650153356444,0.0,30
hoferlab | SWC_061 | 2020-11-23,520,0,455.71336150396746,-0.0625,30
hoferlab | SWC_061 | 2020-11-23,522,1,185.853551436594,-0.125,30
hoferlab | SWC_061 | 2020-11-23,524,0,138.53517140751137,-0.0625,30
hoferlab | SWC_061 | 2020-11-23,525,0,196.08533139171413,0.0,30
hoferlab | SWC_061 | 2020-11-23,528,0,240.2369613537303,-0.0625,30
hoferlab | SWC_061 | 2020-11-23,531,0,189.9121613096213,0.0,30
hoferlab | SWC_061 | 2020-11-23,533,0,1752.8355012727843,-0.0625,30
hoferlab | SWC_061 | 2020-11-23,534,0,313.8355512596718,0.0,30
hoferlab | SWC_061 | 2020-11-23,535,0,1481.1673512458583,0.0,30
hoferlab | SWC_061 | 2020-11-23,537,0,3404.2691012100477,-0.0625,30
hoferlab | SWC_061 | 2020-11-23,539,0,1928.590741178141,0.0625,30
hoferlab | SWC_061 | 2020-11-23,541,0,358.8609411513062,0.0,30
hoferlab | SWC_061 | 2020-11-23,542,0,687.7343011346966,-0.0625,30
hoferlab | SWC_061 | 2020-11-23,543,0,206.527661122891,0.0,30
hoferlab | SWC_061 | 2020-11-23,548,1,1394.087861056505,-0.0625,30
hoferlab | SWC_061 | 2020-11-23,557,0,618.148160934652,-0.0625,30
hoferlab | SWC_061 | 2020-11-23,559,0,197.99479090761452,0.0,30
hoferlab | SWC_061 | 2020-11-23,561,1,153.45663087964567,0.0,30
hoferlab | SWC_061 | 2020-11-23,562,1,164.94658086867275,-0.125,30
hoferlab | SWC_061 | 2020-11-23,563,1,238.2050308538055,0.0,30
hoferlab | SWC_061 | 2020-11-23,564,1,832.108410829278,-0.0625,30
hoferlab | SWC_061 | 2020-11-23,565,0,2912.330150804337,0.0625,30
hoferlab | SWC_061 | 2020-11-23,567,0,312.29351075808154,0.0625,30
hoferlab | SWC_061 | 2020-11-23,571,1,715.1371006989393,0.0,30
hoferlab | SWC_061 | 2020-11-23,572,0,2119.677170665909,0.0,30
hoferlab | SWC_061 | 2020-11-23,574,1,456.69728063239745,0.0,30
hoferlab | SWC_061 | 2020-11-23,577,1,231.96900057291714,0.0,30
hoferlab | SWC_061 | 2020-11-23,585,1,226.35428046669404,0.0,30
hoferlab | SWC_061 | 2020-11-23,586,1,1800.4077404079908,0.0,30
hoferlab | SWC_061 | 2020-11-23,588,1,150.93950037362447,1.0,30
hoferlab | SWC_061 | 2020-11-23,591,1,381.34137030374404,0.0,30
hoferlab | SWC_061 | 2020-11-23,592,1,203.53472029137265,-0.125,30
hoferlab | SWC_061 | 2020-11-23,594,1,1379.386480251469,0.0,30
hoferlab | SWC_061 | 2020-11-23,595,1,203.05663023782472,0.0625,30
hoferlab | SWC_061 | 2020-11-23,598,1,441.23495020267,-0.125,30
hoferlab | SWC_061 | 2020-11-23,600,1,2176.325150162029,-0.125,30
hoferlab | SWC_061 | 2020-11-23,601,0,2520.795100140276,0.0,30
hoferlab | SWC_061 | 2020-11-23,604,0,1144.3187300601494,-0.0625,30
hoferlab | SWC_061 | 2020-11-23,608,0,1785.8156499687539,0.0625,30
hoferlab | SWC_061 | 2020-11-23,610,1,171.65572994053946,-0.125,30
hoferlab | SWC_061 | 2020-11-23,611,1,1087.9624599183444,0.0,30
hoferlab | SWC_061 | 2020-11-23,614,1,186.72587987657607,1.0,30
hoferlab | SWC_061 | 2020-11-23,616,0,142.5291698537876,0.125,30
hoferlab | SWC_061 | 2020-11-23,620,0,449.62764980118664,0.125,30
hoferlab | SWC_061 | 2020-11-23,623,1,193.9777797579154,1.0,30
hoferlab | SWC_061 | 2020-11-23,630,1,2581.69695942388,0.0625,30
hoferlab | SWC_061 | 2020-11-23,637,0,1347.0471993241517,-0.0625,30
hoferlab | SWC_061 | 2020-11-23,641,1,479.41405926076186,0.0,30
hoferlab | SWC_061 | 2020-11-23,642,0,1167.1658592449603,-0.0625,30
hoferlab | SWC_061 | 2020-11-23,643,1,267.222469231001,0.0,30
hoferlab | SWC_061 | 2020-11-23,644,1,1197.2208092156507,0.0,30
hoferlab | SWC_061 | 2020-11-23,647,1,209.24102917661003,0.0625,30
hoferlab | SWC_061 | 2020-11-23,654,1,444.0194990825148,0.0,30
hoferlab | SWC_061 | 2020-11-23,656,0,1622.7963290552907,0.0,30
hoferlab | SWC_061 | 2020-11-23,660,0,718.934738993994,0.0625,30
hoferlab | SWC_061 | 2020-11-23,663,0,301.2015589351904,-0.125,30
hoferlab | SWC_061 | 2020-11-23,665,1,2478.326618906067,-0.0625,30
hoferlab | SWC_061 | 2020-11-23,666,1,1841.9402987710782,0.0,30
hoferlab | SWC_061 | 2020-11-23,675,0,322.0524685816599,-0.0625,30
hoferlab | SWC_061 | 2020-11-23,676,0,210.88248856949576,-1.0,30
hoferlab | SWC_061 | 2020-11-23,678,0,1533.6675485427804,0.0,30
hoferlab | SWC_061 | 2020-11-23,681,1,271.85112850156656,0.0625,30
mrsicflogellab | SWC_038 | 2020-08-01,1,0,2124.118590073749,-0.125,2
mrsicflogellab | SWC_038 | 2020-08-01,7,0,540.3112801829195,0.125,2
mrsicflogellab | SWC_038 | 2020-08-01,8,0,173.42134020796607,-0.0625,2
mrsicflogellab | SWC_038 | 2020-08-01,13,0,394.66587031765243,0.25,2
mrsicflogellab | SWC_038 | 2020-08-01,14,0,508.16423033450064,0.25,2
mrsicflogellab | SWC_038 | 2020-08-01,18,1,214.65608042086615,1.0,2
mrsicflogellab | SWC_038 | 2020-08-01,20,0,339.76863048235373,-0.125,2
mrsicflogellab | SWC_038 | 2020-08-01,26,0,156.69977056938933,0.25,2
mrsicflogellab | SWC_038 | 2020-08-01,27,0,652.3371705958425,0.0625,2
mrsicflogellab | SWC_038 | 2020-08-01,31,0,3621.8357506842267,0.125,2
mrsicflogellab | SWC_038 | 2020-08-01,32,0,501.66342071440795,0.0625,2
mrsicflogellab | SWC_038 | 2020-08-01,33,0,919.8484807334921,0.125,2
mrsicflogellab | SWC_038 | 2020-08-01,35,0,2084.344290786703,1.0,2
mrsicflogellab | SWC_038 | 2020-08-01,37,0,1210.0853108179876,0.0625,2
mrsicflogellab | SWC_038 | 2020-08-01,38,0,141.77779083149744,0.125,2
mrsicflogellab | SWC_038 | 2020-08-01,39,1,224.71708085095088,0.25,2
mrsicflogellab | SWC_038 | 2020-08-01,41,1,2081.092880886615,1.0,2
mrsicflogellab | SWC_038 | 2020-08-01,45,1,208.81569097167585,0.25,2
mrsicflogellab | SWC_038 | 2020-08-01,51,1,426.3116410606358,0.125,2
mrsicflogellab | SWC_038 | 2020-08-01,59,1,226.24026117779295,1.0,2
mrsicflogellab | SWC_038 | 2020-08-01,62,1,1670.1104212652922,-0.0625,2
mrsicflogellab | SWC_038 | 2020-08-01,67,1,560.6522813785659,0.125,2
mrsicflogellab | SWC_038 | 2020-08-01,68,0,318.08497139002156,0.125,2
mrsicflogellab | SWC_038 | 2020-08-01,70,0,343.98839141908866,0.0625,2
mrsicflogellab | SWC_038 | 2020-08-01,71,0,569.2975514419913,0.0625,2
mrsicflogellab | SWC_038 | 2020-08-01,72,0,398.75346146220636,0.0625,2
mrsicflogellab | SWC_038 | 2020-08-01,75,0,342.16524150758687,0.0625,2
mrsicflogellab | SWC_038 | 2020-08-01,76,0,240.07936152406728,0.0,2
mrsicflogellab | SWC_038 | 2020-08-01,77,1,495.2136815504673,0.25,2
mrsicflogellab | SWC_038 | 2020-08-01,82,0,260.0271916340944,-0.125,2
mrsicflogellab | SWC_038 | 2020-08-01,87,0,94.67481171566305,0.0625,2
mrsicflogellab | SWC_038 | 2020-08-01,88,1,234.8148517367008,1.0,2
mrsicflogellab | SWC_038 | 2020-08-01,105,0,222.89480203528456,0.0625,2
mrsicflogellab | SWC_038 | 2020-08-01,121,0,281.03607230639227,0.0625,2
mrsicflogellab | SWC_038 | 2020-08-01,130,0,302.30086248889165,0.0625,2
mrsicflogellab | SWC_038 | 2020-08-01,131,0,770.8975725173559,0.0625,2
mrsicflogellab | SWC_038 | 2020-08-01,132,0,294.8392925329699,-0.0625,2
mrsicflogellab | SWC_038 | 2020-08-01,133,1,377.5784525588506,0.25,2
mrsicflogellab | SWC_038 | 2020-08-01,134,1,769.4543725760923,0.0,2
mrsicflogellab | SWC_038 | 2020-08-01,135,1,771.886852597504,0.0625,2
mrsicflogellab | SWC_038 | 2020-08-01,141,0,909.3413226921712,0.0,2
mrsicflogellab | SWC_038 | 2020-08-01,142,0,96.17536270957316,0.25,2
mrsicflogellab | SWC_038 | 2020-08-01,143,1,344.92136272638163,0.125,2
mrsicflogellab | SWC_038 | 2020-08-01,144,1,288.4664527429095,0.25,2
mrsicflogellab | SWC_038 | 2020-08-01,145,1,172.77047276138546,1.0,2
mrsicflogellab | SWC_038 | 2020-08-01,146,0,588.7232027855589,0.0625,2
mrsicflogellab | SWC_038 | 2020-08-01,149,1,452.0866128275429,0.25,2
mrsicflogellab | SWC_038 | 2020-08-01,152,1,192.67585287616384,1.0,2
mrsicflogellab | SWC_038 | 2020-08-01,154,1,180.90014290601175,0.125,2
mrsicflogellab | SWC_038 | 2020-08-01,157,0,1241.5225529508689,0.0625,2
mrsicflogellab | SWC_038 | 2020-08-01,158,0,255.41696297113958,0.0625,2
mrsicflogellab | SWC_038 | 2020-08-01,160,0,97.95603300460698,0.125,2
mrsicflogellab | SWC_038 | 2020-08-01,162,0,799.0404430400986,0.0625,2
mrsicflogellab | SWC_038 | 2020-08-01,163,1,2247.5262730765735,0.25,2
mrsicflogellab | SWC_038 | 2020-08-01,164,0,3381.0872231096027,0.0625,2
mrsicflogellab | SWC_038 | 2020-08-01,168,1,251.83245318430636,1.0,2
mrsicflogellab | SWC_038 | 2020-08-01,169,1,2282.5248832062925,0.0,2
mrsicflogellab | SWC_038 | 2020-08-01,170,1,199.71920322382175,1.0,2
mrsicflogellab | SWC_038 | 2020-08-01,174,0,440.31933328415107,0.0625,2
mrsicflogellab | SWC_038 | 2020-08-01,177,0,96.9068133347264,0.0,2
mrsicflogellab | SWC_038 | 2020-08-01,178,0,1703.719513360511,0.0625,2
mrsicflogellab | SWC_038 | 2020-08-01,186,1,183.8521534866686,0.25,2
mrsicflogellab | SWC_038 | 2020-08-01,188,1,182.6415335215188,1.0,2
mrsicflogellab | SWC_038 | 2020-08-01,191,1,309.8499935651944,-0.0625,2
mrsicflogellab | SWC_038 | 2020-08-01,196,1,422.4584736439283,0.0,2
mrsicflogellab | SWC_038 | 2020-08-01,199,1,257.9002836887412,0.0625,2
mrsicflogellab | SWC_038 | 2020-08-01,204,1,257.07715378484863,1.0,2
mrsicflogellab | SWC_038 | 2020-08-01,207,1,81.90058382638199,0.0625,2
mrsicflogellab | SWC_038 | 2020-08-01,209,0,1404.7173038586607,-0.125,2
mrsicflogellab | SWC_038 | 2020-08-01,215,0,540.735883960906,0.125,2
mrsicflogellab | SWC_038 | 2020-08-01,217,0,2563.6992740030564,0.0625,2
mrsicflogellab | SWC_038 | 2020-08-01,221,1,235.749484073267,0.125,2
mrsicflogellab | SWC_038 | 2020-08-01,222,0,1535.1469140930476,-0.0625,2
mrsicflogellab | SWC_038 | 2020-08-01,225,1,905.5547141811076,0.0625,2
mrsicflogellab | SWC_038 | 2020-08-01,236,1,2993.360124363562,0.25,2
mrsicflogellab | SWC_038 | 2020-08-01,238,0,1151.7185143895858,0.0625,2
mrsicflogellab | SWC_038 | 2020-08-01,239,0,388.99927440661486,0.0625,2
mrsicflogellab | SWC_038 | 2020-08-01,240,0,1642.1286044287626,0.0625,2
mrsicflogellab | SWC_038 | 2020-08-01,241,1,361.9260844452583,0.25,2
mrsicflogellab | SWC_038 | 2020-08-01,242,1,1047.8787044669389,0.25,2
mrsicflogellab | SWC_038 | 2020-08-01,243,1,257.7828444871102,0.25,2
mrsicflogellab | SWC_038 | 2020-08-01,256,1,352.3250547132193,0.25,2
mrsicflogellab | SWC_038 | 2020-08-01,257,1,176.79930472399974,-0.0625,2
mrsicflogellab | SWC_038 | 2020-08-01,258,1,352.19934474253023,-0.125,2
mrsicflogellab | SWC_038 | 2020-08-01,266,1,200.73797488657874,0.0625,2
mrsicflogellab | SWC_038 | 2020-08-01,267,1,1273.7630349026858,0.25,2
mrsicflogellab | SWC_038 | 2020-08-01,271,1,252.18655498429143,1.0,2
mrsicflogellab | SWC_038 | 2020-08-01,273,0,1825.6666150200545,0.125,2
mrsicflogellab | SWC_038 | 2020-08-01,277,0,1187.2541050856853,0.0625,2
mrsicflogellab | SWC_038 | 2020-08-01,278,0,269.6325551016798,0.0625,2
mrsicflogellab | SWC_038 | 2020-08-01,281,1,604.3260551546155,1.0,2
mrsicflogellab | SWC_038 | 2020-08-01,285,1,307.9387552143089,0.25,2
mrsicflogellab | SWC_038 | 2020-08-01,287,1,140.39216524679432,0.25,2
mrsicflogellab | SWC_038 | 2020-08-01,290,0,91.51222528635117,-0.125,2
mrsicflogellab | SWC_038 | 2020-08-01,291,1,161.39467530138063,0.125,2
mrsicflogellab | SWC_038 | 2020-08-01,292,1,205.3523253186995,1.0,2
mrsicflogellab | SWC_038 | 2020-08-01,298,1,112.01159539473338,1.0,2
mrsicflogellab | SWC_038 | 2020-08-01,304,0,291.377755507483,-0.0625,2
mrsicflogellab | SWC_038 | 2020-08-01,306,1,108.46857554270173,0.0625,2
mrsicflogellab | SWC_038 | 2020-08-01,308,1,155.02031557912233,0.0,2
mrsicflogellab | SWC_038 | 2020-08-01,346,0,107.41439622756843,-0.125,2
mrsicflogellab | SWC_038 | 2020-08-01,361,1,200.74073651971958,0.0625,2
mrsicflogellab | SWC_038 | 2020-08-01,362,1,154.6867565375578,0.25,2
mrsicflogellab | SWC_038 | 2020-08-01,364,0,104.7858865777016,-0.125,2
mrsicflogellab | SWC_038 | 2020-08-01,366,0,161.03434662250038,0.125,2
mrsicflogellab | SWC_038 | 2020-08-01,369,0,674.9811566896824,0.25,2
mrsicflogellab | SWC_038 | 2020-08-01,372,1,84.06558673914333,0.125,2
mrsicflogellab | SWC_038 | 2020-08-01,373,1,249.13957675130405,0.25,2
mrsicflogellab | SWC_038 | 2020-08-01,375,1,159.58807679317033,0.0625,2
mrsicflogellab | SWC_038 | 2020-08-01,377,0,258.8497768288107,0.0625,2
mrsicflogellab | SWC_038 | 2020-08-01,379,1,182.22996686404258,1.0,2
mrsicflogellab | SWC_038 | 2020-08-01,381,1,174.18593690126727,1.0,2
mrsicflogellab | SWC_038 | 2020-08-01,382,1,528.1400169187691,0.125,2
mrsicflogellab | SWC_038 | 2020-08-01,383,1,221.35431693800456,0.25,2
mrsicflogellab | SWC_038 | 2020-08-01,385,1,202.6317069698962,1.0,2
mrsicflogellab | SWC_038 | 2020-08-01,386,1,230.43612698279503,1.0,2
mrsicflogellab | SWC_038 | 2020-08-01,390,1,228.5435370408777,1.0,2
mrsicflogellab | SWC_038 | 2020-08-01,395,0,102.46473711276849,0.0625,2
mrsicflogellab | SWC_038 | 2020-08-01,399,0,3183.6523672213843,0.0625,2
mrsicflogellab | SWC_038 | 2020-08-01,405,1,163.98685730382567,1.0,2
mrsicflogellab | SWC_038 | 2020-08-01,407,1,211.53270733066165,1.0,2
mrsicflogellab | SWC_038 | 2020-08-01,410,0,255.39699737282717,0.0625,2
mrsicflogellab | SWC_038 | 2020-08-01,411,1,301.4010973979566,1.0,2
mrsicflogellab | SWC_038 | 2020-08-01,412,1,1956.5854574357218,1.0,2
mrsicflogellab | SWC_038 | 2020-08-01,414,0,1380.8905474656967,0.125,2
mrsicflogellab | SWC_038 | 2020-08-01,416,1,1089.8723275063276,0.0,2
mrsicflogellab | SWC_038 | 2020-08-01,418,1,209.46402753725124,1.0,2
mrsicflogellab | SWC_038 | 2020-08-01,419,1,2385.0248375597403,0.0,2
mrsicflogellab | SWC_038 | 2020-08-01,424,1,2557.151747682383,-0.0625,2
mrsicflogellab | SWC_038 | 2020-08-01,425,0,125.42108769639526,-0.125,2
mrsicflogellab | SWC_038 | 2020-08-01,426,1,524.3344277096185,-0.125,2
mrsicflogellab | SWC_038 | 2020-08-01,435,0,533.4823679445435,0.0,2
mrsicflogellab | SWC_038 | 2020-08-01,439,0,338.99751800709055,-0.0625,2
mrsicflogellab | SWC_038 | 2020-08-01,460,0,122.89830836289184,0.125,2
mrsicflogellab | SWC_038 | 2020-08-01,461,1,113.19262838196664,0.25,2
mrsicflogellab | SWC_038 | 2020-08-01,462,0,543.0460183997639,0.0625,2
mrsicflogellab | SWC_038 | 2020-08-01,465,0,996.891108442469,0.25,2
mrsicflogellab | SWC_038 | 2020-08-01,466,1,211.64859846385298,0.25,2
mrsicflogellab | SWC_038 | 2020-08-01,474,1,360.96825865024584,1.0,2
mrsicflogellab | SWC_038 | 2020-08-01,482,0,245.7569187899935,0.0625,2
mrsicflogellab | SWC_038 | 2020-08-01,483,1,151.84271880525557,1.0,2
mrsicflogellab | SWC_038 | 2020-08-01,485,1,158.92778884744985,1.0,2
mrsicflogellab | SWC_038 | 2020-08-01,486,1,495.93705886354655,0.25,2
mrsicflogellab | SWC_038 | 2020-08-01,488,1,1206.389518906235,-0.0625,2
mrsicflogellab | SWC_038 | 2020-08-01,490,0,237.43464894005228,0.0625,2
mrsicflogellab | SWC_038 | 2020-08-01,491,1,214.33560895911796,1.0,2
mrsicflogellab | SWC_038 | 2020-08-01,495,1,1435.9773890191718,0.0,2
mrsicflogellab | SWC_038 | 2020-08-01,497,1,175.1649190568969,-0.0625,2
mrsicflogellab | SWC_038 | 2020-08-01,499,1,334.13829908658954,-0.125,2
mrsicflogellab | SWC_038 | 2020-08-01,502,1,635.2600691570842,-0.0625,2
mrsicflogellab | SWC_038 | 2020-08-01,505,1,884.9669192291003,0.0,2
mrsicflogellab | SWC_038 | 2020-08-01,507,1,2096.3946792858223,0.0,2
mrsicflogellab | SWC_038 | 2020-08-01,508,1,1479.0738593137576,-0.0625,2
mrsicflogellab | SWC_038 | 2020-08-01,528,0,84.96956963381308,0.25,2
mrsicflogellab | SWC_038 | 2020-08-01,532,1,998.0906297037109,0.25,2
mrsicflogellab | SWC_038 | 2020-08-01,549,0,286.44146046690366,-0.0625,2
mrsicflogellab | SWC_038 | 2020-08-01,550,1,286.4715004830032,0.25,2
mrsicflogellab | SWC_038 | 2020-08-01,551,0,171.4841004959453,0.0,2
mrsicflogellab | SWC_038 | 2020-08-01,552,1,95.86822051687705,0.25,2
mrsicflogellab | SWC_038 | 2020-08-01,553,0,503.83499053168634,0.125,2
mrsicflogellab | SWC_038 | 2020-08-01,560,0,234.25195065692606,0.125,2
mrsicflogellab | SWC_038 | 2020-08-01,561,1,194.10361067366466,0.25,2
mrsicflogellab | SWC_038 | 2020-08-01,562,0,2132.901230695552,0.125,2
mrsicflogellab | SWC_038 | 2020-08-01,563,1,249.14704072489258,0.25,2
mrsicflogellab | SWC_038 | 2020-08-01,564,1,153.84867073680653,0.25,2
mrsicflogellab | SWC_038 | 2020-08-01,565,1,163.06882075150497,0.125,2
mrsicflogellab | SWC_038 | 2020-08-01,566,0,1460.188810771342,0.0625,2
mrsicflogellab | SWC_038 | 2020-08-01,567,1,246.06549079089746,0.0,2
mrsicflogellab | SWC_038 | 2020-08-01,569,1,916.2639208252585,0.0,2
mrsicflogellab | SWC_038 | 2020-08-01,574,1,234.76170089634252,1.0,2
mrsicflogellab | SWC_038 | 2020-08-01,577,1,291.36346094219334,0.0,2
mrsicflogellab | SWC_038 | 2020-08-01,579,1,159.32754097002544,0.25,2
mrsicflogellab | SWC_038 | 2020-08-01,584,1,182.78943104678547,0.25,2
mrsicflogellab | SWC_038 | 2020-08-01,586,1,218.22214107987747,0.0625,2
mrsicflogellab | SWC_038 | 2020-08-01,587,0,330.02550109540607,0.125,2
mrsicflogellab | SWC_038 | 2020-08-01,589,1,258.55727114185356,0.0,2
mrsicflogellab | SWC_038 | 2020-08-01,592,1,270.47647120161855,0.0,2
mrsicflogellab | SWC_038 | 2020-08-01,594,0,331.60246122815806,-0.125,2
mrsicflogellab | SWC_038 | 2020-08-01,597,1,280.8992512855184,-0.0625,2
mrsicflogellab | SWC_038 | 2020-08-01,604,0,1079.271921417785,0.0625,2
mrsicflogellab | SWC_038 | 2020-08-01,615,1,360.34668161619265,0.125,2
mrsicflogellab | SWC_038 | 2020-08-01,619,0,2538.199191700187,0.25,2
mrsicflogellab | SWC_038 | 2020-08-01,624,0,532.7937618021679,0.0625,2
mrsicflogellab | SWC_038 | 2020-08-01,626,1,706.1261818357707,0.125,2
mrsicflogellab | SWC_038 | 2020-08-01,631,0,113.71409193452564,0.0,2
mrsicflogellab | SWC_038 | 2020-08-01,632,0,250.05647195303027,0.25,2
mrsicflogellab | SWC_038 | 2020-08-01,633,0,145.42325198408435,0.125,2
mrsicflogellab | SWC_038 | 2020-08-01,635,0,859.4966420364472,0.125,2
mrsicflogellab | SWC_038 | 2020-08-01,638,0,217.7368220977769,0.25,2
mrsicflogellab | SWC_038 | 2020-08-01,640,0,247.34456214901002,0.25,2
mrsicflogellab | SWC_038 | 2020-08-01,641,0,370.61628216724785,0.0,2
mrsicflogellab | SWC_038 | 2020-08-01,650,0,397.5457823407851,0.125,2
mrsicflogellab | SWC_038 | 2020-08-01,660,0,1312.8561425305634,-0.0625,2
mrsicflogellab | SWC_038 | 2020-08-01,662,0,1276.2145625638368,0.0625,2
mrsicflogellab | SWC_038 | 2020-08-01,673,1,263.98840276669944,0.25,2
mrsicflogellab | SWC_038 | 2020-08-01,680,0,332.38362286556367,0.25,2
mrsicflogellab | SWC_038 | 2020-08-01,681,0,367.5604029021997,0.25,2
mrsicflogellab | SWC_038 | 2020-08-01,700,0,2545.708793279573,0.0,2
mrsicflogellab | SWC_038 | 2020-08-01,704,1,281.9389733449498,0.125,2
mrsicflogellab | SWC_038 | 2020-08-01,706,1,239.44738338059324,0.0,2
mrsicflogellab | SWC_038 | 2020-08-01,718,0,618.5452435975094,-0.125,2
mrsicflogellab | SWC_038 | 2020-08-01,720,0,362.532023626045,-0.0625,2
mrsicflogellab | SWC_038 | 2020-08-01,724,0,107.47715369689104,0.0625,2
mrsicflogellab | SWC_038 | 2020-08-01,725,0,320.9372337205423,0.125,2
mrsicflogellab | SWC_038 | 2020-08-01,728,0,214.8190337907181,0.0625,2
mrsicflogellab | SWC_038 | 2020-08-01,730,0,129.4367638379299,0.25,2
mrsicflogellab | SWC_038 | 2020-08-01,732,1,1325.4685138886089,0.125,2
mrsicflogellab | SWC_038 | 2020-08-01,738,1,375.78274400812006,-0.125,2
mrsicflogellab | SWC_038 | 2020-08-01,742,1,180.11293406607365,1.0,2
mrsicflogellab | SWC_038 | 2020-08-01,745,1,247.92904411333438,1.0,2
mrsicflogellab | SWC_038 | 2020-08-01,746,1,1188.3374141348213,0.0,2
mrsicflogellab | SWC_038 | 2020-08-01,756,0,1138.9786243257731,0.25,2
mrsicflogellab | SWC_038 | 2020-08-01,758,0,1779.8720643777415,0.25,2
mrsicflogellab | SWC_038 | 2020-08-01,771,0,1038.3460546527203,0.0625,2
mrsicflogellab | SWC_038 | 2020-08-01,779,0,174.7556047962462,0.125,2
mrsicflogellab | SWC_038 | 2020-08-01,780,0,294.28396481443997,-0.0625,2
mrsicflogellab | SWC_038 | 2020-08-01,787,0,167.30923492923466,-0.125,2
mrsicflogellab | SWC_038 | 2020-08-01,800,0,206.39389519419638,1.0,2
mrsicflogellab | SWC_038 | 2020-08-01,808,1,3085.920925364917,0.0625,2
mrsicflogellab | SWC_038 | 2020-08-01,825,0,323.0420358504489,-0.125,2
mrsicflogellab | SWC_038 | 2020-08-01,828,0,386.6455358993335,0.125,2
mrsicflogellab | SWC_038 | 2020-08-01,830,0,1043.8215659578418,1.0,2
mrsicflogellab | SWC_038 | 2020-08-01,831,0,923.34903597839,0.25,2
mrsicflogellab | SWC_038 | 2020-08-01,832,1,146.67166599792836,0.25,2
mrsicflogellab | SWC_038 | 2020-08-01,835,0,798.3208760551861,0.125,2
mrsicflogellab | SWC_038 | 2020-08-01,837,0,785.6351960990651,0.0625,2
mrsicflogellab | SWC_038 | 2020-08-01,838,0,827.4293161239257,0.0625,2
mrsicflogellab | SWC_038 | 2020-08-01,839,0,2000.5319961510395,0.25,2
mrsicflogellab | SWC_038 | 2020-08-01,842,0,211.64716621115076,0.125,2
mrsicflogellab | SWC_038 | 2020-08-01,846,1,281.6156462913568,0.25,2
mrsicflogellab | SWC_038 | 2020-08-01,855,1,1259.0574467531042,0.0,2
mrsicflogellab | SWC_038 | 2020-08-01,858,0,571.8417471562134,0.0,2
mrsicflogellab | SWC_038 | 2020-08-01,863,0,1814.7523674688273,0.25,2
mrsicflogellab | SWC_038 | 2020-08-01,865,0,836.6350775013416,0.0625,2
mrsicflogellab | SWC_038 | 2020-07-31,1,0,2789.655800126127,-0.125,50
mrsicflogellab | SWC_038 | 2020-07-31,6,0,378.22546023426185,-0.125,50
mrsicflogellab | SWC_038 | 2020-07-31,13,0,445.3947503756126,0.25,50
mrsicflogellab | SWC_038 | 2020-07-31,14,0,517.666470393749,0.25,50
mrsicflogellab | SWC_038 | 2020-07-31,17,0,253.53260043647197,0.0,50
mrsicflogellab | SWC_038 | 2020-07-31,18,1,370.2326304496637,1.0,50
mrsicflogellab | SWC_038 | 2020-07-31,19,0,483.54993046217487,0.125,50
mrsicflogellab | SWC_038 | 2020-07-31,21,1,287.2094405025223,1.0,50
mrsicflogellab | SWC_038 | 2020-07-31,25,1,255.9185705781033,0.25,50
mrsicflogellab | SWC_038 | 2020-07-31,26,0,1426.727940602916,0.25,50
mrsicflogellab | SWC_038 | 2020-07-31,27,0,1957.580270636413,0.0625,50
mrsicflogellab | SWC_038 | 2020-07-31,29,0,608.8331506822442,-0.0625,50
mrsicflogellab | SWC_038 | 2020-07-31,31,1,423.56490071534836,0.125,50
mrsicflogellab | SWC_038 | 2020-07-31,35,1,261.46511080264645,1.0,50
mrsicflogellab | SWC_038 | 2020-07-31,38,0,704.1858508596306,0.125,50
mrsicflogellab | SWC_038 | 2020-07-31,39,1,551.9486308926957,0.25,50
mrsicflogellab | SWC_038 | 2020-07-31,40,1,431.89930090409234,1.0,50
mrsicflogellab | SWC_038 | 2020-07-31,43,1,1091.8237909635877,-0.125,50
mrsicflogellab | SWC_038 | 2020-07-31,44,1,1689.3388209845739,-0.125,50
mrsicflogellab | SWC_038 | 2020-07-31,46,1,273.93558101044846,-0.25,50
mrsicflogellab | SWC_038 | 2020-07-31,50,1,1744.3332911872176,0.0,50
mrsicflogellab | SWC_038 | 2020-07-31,51,1,2400.834331211854,0.125,50
mrsicflogellab | SWC_038 | 2020-07-31,54,0,2810.087881292475,0.125,50
mrsicflogellab | SWC_038 | 2020-07-31,58,0,3024.788641355144,-0.125,50
mrsicflogellab | SWC_038 | 2020-07-31,60,1,416.7265014007171,0.0625,50
mrsicflogellab | SWC_038 | 2020-07-31,61,0,118.44880141404701,0.0,50
mrsicflogellab | SWC_038 | 2020-07-31,62,1,524.956561432532,-0.0625,50
mrsicflogellab | SWC_038 | 2020-07-31,63,0,235.1299214478786,0.25,50
mrsicflogellab | SWC_038 | 2020-07-31,64,0,1894.7756014725883,0.125,50
mrsicflogellab | SWC_038 | 2020-07-31,66,0,3105.3917115179956,-0.0625,50
mrsicflogellab | SWC_038 | 2020-07-31,67,0,362.50073152916684,0.125,50
mrsicflogellab | SWC_038 | 2020-07-31,68,0,414.34912154511494,0.125,50
mrsicflogellab | SWC_038 | 2020-07-31,70,1,1731.05082157781,0.0625,50
mrsicflogellab | SWC_038 | 2020-07-31,72,0,1631.0119516249415,0.0625,50
mrsicflogellab | SWC_038 | 2020-07-31,76,1,1425.5837616871077,0.0,50
mrsicflogellab | SWC_038 | 2020-07-31,77,1,733.9278417017567,0.25,50
mrsicflogellab | SWC_038 | 2020-07-31,78,1,274.17385171258957,-0.0625,50
mrsicflogellab | SWC_038 | 2020-07-31,80,0,3573.6745117574173,-0.0625,50
mrsicflogellab | SWC_038 | 2020-07-31,82,1,1167.454661781676,-0.125,50
mrsicflogellab | SWC_038 | 2020-07-31,85,0,314.19245182678424,-0.125,50
mrsicflogellab | SWC_038 | 2020-07-31,86,1,193.25314183731734,1.0,50
mrsicflogellab | SWC_038 | 2020-07-31,87,1,2082.6014718581973,0.0625,50
mrsicflogellab | SWC_038 | 2020-07-31,88,1,224.92322186781166,1.0,50
mrsicflogellab | SWC_038 | 2020-07-31,89,1,793.3698418822814,-0.0625,50
mrsicflogellab | SWC_038 | 2020-07-31,91,1,927.1976319104169,-0.0625,50
mrsicflogellab | SWC_038 | 2020-07-31,93,1,237.4894219520911,0.0,50
mrsicflogellab | SWC_038 | 2020-07-31,94,0,1541.1668019763738,-0.0625,50
mrsicflogellab | SWC_038 | 2020-07-31,104,0,716.2332221586212,-0.125,50
mrsicflogellab | SWC_038 | 2020-07-31,105,0,603.5972221717429,0.0625,50
mrsicflogellab | SWC_038 | 2020-07-31,112,0,180.53518227816312,-0.25,50
mrsicflogellab | SWC_038 | 2020-07-31,113,0,104.28351229222699,1.0,50
mrsicflogellab | SWC_038 | 2020-07-31,114,0,1889.526902318721,-0.0625,50
mrsicflogellab | SWC_038 | 2020-07-31,116,0,456.8859823556295,-0.125,50
mrsicflogellab | SWC_038 | 2020-07-31,117,0,3852.564312383606,-0.125,50
mrsicflogellab | SWC_038 | 2020-07-31,119,1,907.0204424106123,-0.0625,50
mrsicflogellab | SWC_038 | 2020-07-31,123,0,2402.9012924951303,0.25,50
mrsicflogellab | SWC_038 | 2020-07-31,125,0,596.3813425360058,0.125,50
mrsicflogellab | SWC_038 | 2020-07-31,127,0,239.98648257224886,-1.0,50
mrsicflogellab | SWC_038 | 2020-07-31,129,0,1988.0082226217155,0.0,50
mrsicflogellab | SWC_038 | 2020-07-31,131,0,1946.628342665008,0.0625,50
mrsicflogellab | SWC_038 | 2020-07-31,132,0,1027.3600326844416,-0.0625,50
mrsicflogellab | SWC_038 | 2020-07-31,133,1,702.1433927100134,0.25,50
mrsicflogellab | SWC_038 | 2020-07-31,134,0,1640.7811627273077,0.0,50
mrsicflogellab | SWC_038 | 2020-07-31,135,0,401.92190274171935,0.0625,50
mrsicflogellab | SWC_038 | 2020-07-31,136,0,1256.825242769878,0.125,50
mrsicflogellab | SWC_038 | 2020-07-31,139,0,506.5070128309799,0.0,50
mrsicflogellab | SWC_038 | 2020-07-31,140,0,1656.1564528509507,0.125,50
mrsicflogellab | SWC_038 | 2020-07-31,141,0,291.3265228647788,0.0,50
mrsicflogellab | SWC_038 | 2020-07-31,142,0,1111.6905328860867,0.25,50
mrsicflogellab | SWC_038 | 2020-07-31,143,0,608.3032529018055,0.125,50
mrsicflogellab | SWC_038 | 2020-07-31,144,0,1538.3622929235798,0.25,50
mrsicflogellab | SWC_038 | 2020-07-31,146,1,661.1250329507357,0.0625,50
mrsicflogellab | SWC_038 | 2020-07-31,148,1,142.89180299101645,0.0,50
mrsicflogellab | SWC_038 | 2020-07-31,154,1,2696.6592531139213,0.125,50
mrsicflogellab | SWC_038 | 2020-07-31,156,1,851.6321231431903,1.0,50
mrsicflogellab | SWC_038 | 2020-07-31,158,1,2116.732283213423,0.0625,50
mrsicflogellab | SWC_038 | 2020-07-31,161,1,286.7497232580263,-0.25,50
mrsicflogellab | SWC_038 | 2020-07-31,167,1,861.7126033527711,0.0625,50
mrsicflogellab | SWC_038 | 2020-07-31,169,1,162.57602337691424,0.0,50
mrsicflogellab | SWC_038 | 2020-07-31,170,1,201.7860634000499,1.0,50
mrsicflogellab | SWC_038 | 2020-07-31,172,1,1265.8601034354433,0.25,50
mrsicflogellab | SWC_038 | 2020-07-31,173,1,525.4951134470502,0.125,50
mrsicflogellab | SWC_038 | 2020-07-31,176,1,1123.2430035249763,1.0,50
mrsicflogellab | SWC_038 | 2020-07-31,177,1,264.39699353522883,0.0,50
mrsicflogellab | SWC_038 | 2020-07-31,179,1,691.4237935884557,-0.0625,50
mrsicflogellab | SWC_038 | 2020-07-31,180,1,96.10710360266239,0.0625,50
mrsicflogellab | SWC_038 | 2020-07-31,181,1,1609.659883623408,-0.125,50
mrsicflogellab | SWC_038 | 2020-07-31,183,1,267.7499736544178,0.0,50
mrsicflogellab | SWC_038 | 2020-07-31,187,1,2123.674083739388,0.0,50
mrsicflogellab | SWC_038 | 2020-07-31,190,1,255.89590378422145,1.0,50
mrsicflogellab | SWC_038 | 2020-07-31,191,1,253.9036337957441,-0.0625,50
mrsicflogellab | SWC_038 | 2020-07-31,192,0,301.64763381185367,0.0625,50
mrsicflogellab | SWC_038 | 2020-07-31,196,1,991.4671538786024,0.0,50
mrsicflogellab | SWC_038 | 2020-07-31,199,0,725.7896539522335,0.0625,50
mrsicflogellab | SWC_038 | 2020-07-31,201,1,220.66806398697736,0.25,50
mrsicflogellab | SWC_038 | 2020-07-31,203,1,954.3314840229868,0.0,50
mrsicflogellab | SWC_038 | 2020-07-31,204,0,83.19253404511073,1.0,50
mrsicflogellab | SWC_038 | 2020-07-31,206,1,243.58821407849973,0.125,50
mrsicflogellab | SWC_038 | 2020-07-31,207,0,827.8426240945009,0.0625,50
mrsicflogellab | SWC_038 | 2020-07-31,209,1,905.3293841232062,-0.125,50
mrsicflogellab | SWC_038 | 2020-07-31,212,0,146.92850417486625,0.125,50
mrsicflogellab | SWC_038 | 2020-07-31,214,0,537.1052142124881,0.25,50
mrsicflogellab | SWC_038 | 2020-07-31,215,0,628.4563042349873,0.125,50
mrsicflogellab | SWC_038 | 2020-07-31,216,0,245.8869742506522,0.0625,50
mrsicflogellab | SWC_038 | 2020-07-31,222,1,337.20066442288044,-0.0625,50
mrsicflogellab | SWC_038 | 2020-07-31,223,1,317.8684444403643,1.0,50
mrsicflogellab | SWC_038 | 2020-07-31,224,1,842.2801344545405,0.125,50
mrsicflogellab | SWC_038 | 2020-07-31,225,1,180.71849446550914,0.0625,50
mrsicflogellab | SWC_038 | 2020-07-31,226,0,690.887484483028,0.0,50
mrsicflogellab | SWC_038 | 2020-07-31,228,1,87.49592450567434,-0.0625,50
mrsicflogellab | SWC_038 | 2020-07-31,229,1,490.6826445221668,0.25,50
mrsicflogellab | SWC_038 | 2020-07-31,231,0,313.81369455766617,0.25,50
mrsicflogellab | SWC_038 | 2020-07-31,233,1,248.2887945877792,0.25,50
mrsicflogellab | SWC_038 | 2020-07-31,235,1,115.65114461996018,0.0,50
mrsicflogellab | SWC_038 | 2020-07-31,236,1,1222.9088546387175,0.25,50
mrsicflogellab | SWC_038 | 2020-07-31,237,0,1193.1761746561733,0.0625,50
mrsicflogellab | SWC_038 | 2020-07-31,238,0,636.3729446748039,0.0625,50
mrsicflogellab | SWC_038 | 2020-07-31,239,0,674.6646046960905,0.0625,50
mrsicflogellab | SWC_038 | 2020-07-31,242,0,325.4898647733171,0.25,50
mrsicflogellab | SWC_038 | 2020-07-31,243,0,1139.1649047925512,0.25,50
mrsicflogellab | SWC_038 | 2020-07-31,246,1,249.09434483856785,-0.25,50
mrsicflogellab | SWC_038 | 2020-07-31,248,1,712.8627548736404,-1.0,50
mrsicflogellab | SWC_038 | 2020-07-31,252,0,1313.181934943941,-0.125,50
mrsicflogellab | SWC_038 | 2020-07-31,254,0,1291.8530049828405,0.0,50
mrsicflogellab | SWC_038 | 2020-07-31,258,0,1126.236615113612,-0.125,50
mrsicflogellab | SWC_038 | 2020-07-31,265,0,449.2909152509128,0.125,50
mrsicflogellab | SWC_038 | 2020-07-31,266,0,149.40931526643908,0.0625,50
mrsicflogellab | SWC_038 | 2020-07-31,267,1,380.85201528429025,0.25,50
mrsicflogellab | SWC_038 | 2020-07-31,269,0,1039.2493553174518,0.0625,50
mrsicflogellab | SWC_038 | 2020-07-31,270,0,318.3437953327939,-0.125,50
mrsicflogellab | SWC_038 | 2020-07-31,273,0,683.4189053913633,0.125,50
mrsicflogellab | SWC_038 | 2020-07-31,275,0,105.12803542678739,0.0625,50
mrsicflogellab | SWC_038 | 2020-07-31,276,1,283.06906544912636,1.0,50
mrsicflogellab | SWC_038 | 2020-07-31,280,1,539.8575154993068,0.0,50
mrsicflogellab | SWC_038 | 2020-07-31,284,1,430.5483255661784,0.125,50
mrsicflogellab | SWC_038 | 2020-07-31,287,1,200.23776560628903,0.25,50
mrsicflogellab | SWC_038 | 2020-07-31,288,1,624.1044456207874,0.125,50
mrsicflogellab | SWC_038 | 2020-07-31,290,1,373.5734356459943,-0.125,50
mrsicflogellab | SWC_038 | 2020-07-31,292,1,285.565255677966,1.0,50
mrsicflogellab | SWC_038 | 2020-07-31,295,1,408.69357571614273,1.0,50
mrsicflogellab | SWC_038 | 2020-07-31,296,1,2367.2797157375953,-1.0,50
mrsicflogellab | SWC_038 | 2020-07-31,297,0,370.96977575174606,0.0625,50
mrsicflogellab | SWC_038 | 2020-07-31,298,1,422.76147576922085,1.0,50
mrsicflogellab | SWC_038 | 2020-07-31,299,0,3792.2571257977324,-0.0625,50
mrsicflogellab | SWC_038 | 2020-07-31,302,0,261.3082658356234,-0.25,50
mrsicflogellab | SWC_038 | 2020-07-31,304,0,210.85895586497827,-0.0625,50
mrsicflogellab | SWC_038 | 2020-07-31,305,0,1515.9900758962976,-0.125,50
mrsicflogellab | SWC_038 | 2020-07-31,306,0,1090.085785914198,0.0625,50
mrsicflogellab | SWC_038 | 2020-07-31,308,0,2840.510805958729,0.0,50
mrsicflogellab | SWC_038 | 2020-07-31,321,1,264.9080061626137,0.25,50
mrsicflogellab | SWC_038 | 2020-07-31,322,1,262.40072617633814,-0.0625,50
mrsicflogellab | SWC_038 | 2020-07-31,324,0,94.8047962046985,0.0625,50
mrsicflogellab | SWC_038 | 2020-07-31,328,1,975.3725862640295,-0.25,50
mrsicflogellab | SWC_038 | 2020-07-31,329,0,144.75597628347714,-1.0,50
mrsicflogellab | SWC_038 | 2020-07-31,330,0,653.4915763011213,0.25,50
mrsicflogellab | SWC_038 | 2020-07-31,331,0,1302.9717163246914,-0.125,50
mrsicflogellab | SWC_038 | 2020-07-31,332,1,3666.796716354611,0.0,50
mrsicflogellab | SWC_038 | 2020-07-31,340,0,515.3965465372039,0.0,50
mrsicflogellab | SWC_038 | 2020-07-31,345,0,348.05337661032354,-0.125,50
mrsicflogellab | SWC_038 | 2020-07-31,347,0,454.242476655736,-0.125,50
mrsicflogellab | SWC_038 | 2020-07-31,352,0,145.6109867349369,-0.125,50
mrsicflogellab | SWC_038 | 2020-07-31,355,0,654.1987767807314,-0.125,50
mrsicflogellab | SWC_038 | 2020-07-31,356,0,612.1237867942,0.0625,50
mrsicflogellab | SWC_038 | 2020-07-31,357,0,291.18118682004024,0.25,50
mrsicflogellab | SWC_038 | 2020-07-31,361,0,550.7573268955639,0.0625,50
mrsicflogellab | SWC_038 | 2020-07-31,363,1,110.73308692766659,1.0,50
mrsicflogellab | SWC_038 | 2020-07-31,368,1,1649.0999470092902,-0.0625,50
mrsicflogellab | SWC_038 | 2020-07-31,369,1,86.22601703336841,0.25,50
mrsicflogellab | SWC_038 | 2020-07-31,370,0,3141.909387062242,0.125,50
mrsicflogellab | SWC_038 | 2020-07-31,371,0,1700.4877970935013,-0.25,50
mrsicflogellab | SWC_038 | 2020-07-31,372,0,514.419517117858,0.125,50
mrsicflogellab | SWC_038 | 2020-07-31,374,0,406.4569571596621,0.125,50
mrsicflogellab | SWC_038 | 2020-07-31,377,0,669.823087210716,0.0625,50
mrsicflogellab | SWC_038 | 2020-07-31,379,1,1529.200507286987,1.0,50
mrsicflogellab | SWC_038 | 2020-07-31,380,1,535.239957302565,0.25,50
mrsicflogellab | SWC_038 | 2020-07-31,381,1,202.20897731996956,1.0,50
mrsicflogellab | SWC_038 | 2020-07-31,382,1,1242.1116973414428,0.125,50
mrsicflogellab | SWC_038 | 2020-07-31,383,1,2291.6607773722717,0.25,50
mrsicflogellab | SWC_038 | 2020-07-31,386,1,237.61257742353337,1.0,50
mrsicflogellab | SWC_038 | 2020-07-31,389,1,360.382607464544,-0.25,50
mrsicflogellab | SWC_038 | 2020-07-31,390,1,378.8853674814163,1.0,50
mrsicflogellab | SWC_038 | 2020-07-31,391,1,146.2020674921405,0.125,50
mrsicflogellab | SWC_038 | 2020-07-31,392,1,2447.086087518983,0.125,50
mrsicflogellab | SWC_038 | 2020-07-31,393,1,1282.6871475331245,-0.0625,50
mrsicflogellab | SWC_038 | 2020-07-31,395,1,559.1362075692814,0.0625,50
mrsicflogellab | SWC_038 | 2020-07-31,399,0,369.9998176925874,0.0625,50
mrsicflogellab | SWC_038 | 2020-07-31,400,0,417.8025477094707,0.25,50
mrsicflogellab | SWC_038 | 2020-07-31,405,1,395.45506779222706,1.0,50
mrsicflogellab | SWC_038 | 2020-07-31,407,1,270.32014782889746,1.0,50
mrsicflogellab | SWC_038 | 2020-07-31,408,0,846.1551078480625,0.25,50
mrsicflogellab | SWC_038 | 2020-07-31,409,1,823.7328978661935,0.25,50
mrsicflogellab | SWC_038 | 2020-07-31,410,0,1273.174627895969,0.0625,50
mrsicflogellab | SWC_038 | 2020-07-31,411,1,411.8930079121128,1.0,50
mrsicflogellab | SWC_038 | 2020-07-31,415,0,839.4421379712185,0.125,50
mrsicflogellab | SWC_038 | 2020-07-31,419,1,1416.6664884164675,0.0,50
mrsicflogellab | SWC_038 | 2020-07-31,420,1,2435.694198438796,0.0,50
mrsicflogellab | SWC_038 | 2020-07-31,423,0,916.6266784968684,0.125,50
mrsicflogellab | SWC_038 | 2020-07-31,424,1,132.44937851186478,-0.0625,50
mrsicflogellab | SWC_038 | 2020-07-31,425,0,314.7910885290912,-0.125,50
mrsicflogellab | SWC_038 | 2020-07-31,426,0,1262.7634285477143,-0.125,50
mrsicflogellab | SWC_038 | 2020-07-31,428,0,353.9778585750355,-0.25,50
mrsicflogellab | SWC_038 | 2020-07-31,430,1,139.28294860761525,-0.0625,50
mrsicflogellab | SWC_038 | 2020-07-31,431,0,383.66178862543165,0.0,50
mrsicflogellab | SWC_038 | 2020-07-31,434,0,166.98474867143887,-0.0625,50
mrsicflogellab | SWC_038 | 2020-07-31,436,0,215.12648870520934,0.125,50
mrsicflogellab | SWC_038 | 2020-07-31,442,1,306.0256387957452,1.0,50
mrsicflogellab | SWC_038 | 2020-07-31,445,0,465.4534488417994,0.0,50
mrsicflogellab | SWC_038 | 2020-07-31,458,0,512.2106190601698,0.0625,50
mrsicflogellab | SWC_038 | 2020-07-31,460,1,3624.8896891147524,0.125,50
mrsicflogellab | SWC_038 | 2020-07-31,462,0,653.2448291668516,0.0625,50
mrsicflogellab | SWC_038 | 2020-07-31,467,1,179.98785930421946,-0.125,50
mrsicflogellab | SWC_038 | 2020-07-31,468,0,473.78455932312136,0.125,50
mrsicflogellab | SWC_038 | 2020-07-31,469,1,1278.7995693443008,0.0,50
mrsicflogellab | SWC_038 | 2020-07-31,472,1,445.96867940072116,-0.125,50
mrsicflogellab | SWC_038 | 2020-07-31,473,1,456.1220494201734,0.25,50
mrsicflogellab | SWC_038 | 2020-07-31,477,0,198.76824948141802,0.125,50
mrsicflogellab | SWC_038 | 2020-07-31,480,0,423.59078956587837,0.0625,50
mrsicflogellab | SWC_038 | 2020-07-31,482,0,466.72199966269545,0.0625,50
mrsicflogellab | SWC_038 | 2020-07-31,485,1,238.4343597118459,1.0,50
mrsicflogellab | SWC_038 | 2020-07-31,486,1,2624.9944397363834,0.25,50
mrsicflogellab | SWC_038 | 2020-07-31,487,1,392.8111497475584,-0.25,50
mrsicflogellab | SWC_038 | 2020-07-31,489,1,1306.627259787092,0.0,50
mrsicflogellab | SWC_038 | 2020-07-31,492,1,196.43630983046023,1.0,50
mrsicflogellab | SWC_038 | 2020-07-31,493,1,1209.5890998630239,1.0,50
mrsicflogellab | SWC_038 | 2020-07-31,495,1,503.40252988871725,0.0,50
mrsicflogellab | SWC_038 | 2020-07-31,496,1,129.77822990114873,-0.0625,50
mrsicflogellab | SWC_038 | 2020-07-31,497,0,3096.699879931748,-0.0625,50
mrsicflogellab | SWC_038 | 2020-07-31,500,1,725.4760399723637,0.0,50
mrsicflogellab | SWC_038 | 2020-07-31,501,0,2703.821760002029,-0.125,50
mrsicflogellab | SWC_038 | 2020-07-31,502,0,2382.626770022398,-0.0625,50
mrsicflogellab | SWC_038 | 2020-07-31,513,0,1646.7091610625175,0.0,50
mrsicflogellab | SWC_038 | 2020-07-31,514,0,2779.4485410877314,-0.0625,50
mrsicflogellab | SWC_038 | 2020-07-31,518,0,413.9687011438582,-0.0625,50
mrsicflogellab | SWC_038 | 2020-07-31,519,0,1022.3460511674602,-0.25,50
mrsicflogellab | SWC_038 | 2020-07-31,522,0,307.50952120934016,-1.0,50
mrsicflogellab | SWC_038 | 2020-07-31,531,0,737.9914513417134,0.0,50
mrsicflogellab | SWC_038 | 2020-07-31,538,0,168.6683414491199,-1.0,50
mrsicflogellab | SWC_038 | 2020-07-31,540,1,494.9050614791304,1.0,50
mrsicflogellab | SWC_038 | 2020-07-31,542,1,595.8478815100534,0.0,50
mrsicflogellab | SWC_038 | 2020-07-31,548,0,100.44811161742473,-0.125,50
mrsicflogellab | SWC_038 | 2020-07-31,550,0,279.3332016481145,0.25,50
mrsicflogellab | SWC_038 | 2020-07-31,551,0,800.713811669084,0.0,50
mrsicflogellab | SWC_038 | 2020-07-31,554,0,2757.9000517634995,-0.0625,50
mrsicflogellab | SWC_038 | 2020-07-31,557,0,345.6902318112043,-0.25,50
mrsicflogellab | SWC_038 | 2020-07-31,558,0,179.6142118255375,0.0,50
mrsicflogellab | SWC_038 | 2020-07-31,559,1,459.4343118451434,-0.125,50
mrsicflogellab | SWC_038 | 2020-07-31,562,1,825.1677218909208,0.125,50
mrsicflogellab | SWC_038 | 2020-07-31,565,0,445.45612193769557,0.125,50
mrsicflogellab | SWC_038 | 2020-07-31,567,1,794.4439419843548,0.0,50
mrsicflogellab | SWC_038 | 2020-07-31,570,1,2060.029072049474,0.0,50
mrsicflogellab | SWC_038 | 2020-07-31,575,1,936.7428022073909,0.0625,50
mrsicflogellab | SWC_038 | 2020-07-31,577,1,1552.304562253994,0.0,50
mrsicflogellab | SWC_038 | 2020-07-31,578,1,1054.4745922697984,-0.25,50
mrsicflogellab | SWC_038 | 2020-07-31,579,0,1128.768592293909,0.25,50
mrsicflogellab | SWC_038 | 2020-07-31,581,1,441.18144234971624,-0.25,50
mrsicflogellab | SWC_038 | 2020-07-31,584,0,2684.581582869214,0.25,50
mrsicflogellab | SWC_038 | 2020-07-31,594,1,2069.1015543088724,-0.125,50
mrsicflogellab | SWC_038 | 2020-07-31,616,1,430.67187738779467,-0.0625,50
mrsicflogellab | SWC_038 | 2020-07-31,617,1,1376.8101974173987,-0.125,50
mrsicflogellab | SWC_038 | 2020-07-31,619,1,3100.3588675357605,0.25,50
cortexlab | KS086 | 2022-03-16,14,0,314.7933029329124,0.0,60
cortexlab | KS086 | 2022-03-16,15,0,730.9376845920497,0.0625,60
cortexlab | KS086 | 2022-03-16,16,1,157.15724200146042,1.0,60
cortexlab | KS086 | 2022-03-16,17,1,301.40062922606603,0.125,60
cortexlab | KS086 | 2022-03-16,20,0,234.24356598030727,-0.0625,60
cortexlab | KS086 | 2022-03-16,22,0,267.81887075929944,0.0625,60
cortexlab | KS086 | 2022-03-16,24,0,2755.1233951766676,0.0625,60
cortexlab | KS086 | 2022-03-16,27,0,224.38935276431948,0.0625,60
cortexlab | KS086 | 2022-03-16,31,1,2317.4208917197916,-0.0625,60
cortexlab | KS086 | 2022-03-16,37,0,1662.6943063481576,0.0625,60
cortexlab | KS086 | 2022-03-16,39,0,395.09768068774065,0.125,60
cortexlab | KS086 | 2022-03-16,40,1,253.94405292553301,1.0,60
cortexlab | KS086 | 2022-03-16,42,0,457.17675861459384,0.0625,60
cortexlab | KS086 | 2022-03-16,43,1,236.34304487035251,0.125,60
cortexlab | KS086 | 2022-03-16,55,0,313.20045892175585,0.125,60
cortexlab | KS086 | 2022-03-16,60,0,2924.1788931684596,0.0625,60
cortexlab | KS086 | 2022-03-16,64,1,277.2240266958761,0.125,60
cortexlab | KS086 | 2022-03-16,68,1,224.3919570238404,0.25,60
cortexlab | KS086 | 2022-03-16,70,1,2555.4745910877728,0.25,60
cortexlab | KS086 | 2022-03-16,73,0,212.8164264577208,-0.125,60
cortexlab | KS086 | 2022-03-16,75,1,485.1641894970271,0.0,60
cortexlab | KS086 | 2022-03-16,78,0,3356.6830747366794,0.125,60
cortexlab | KS086 | 2022-03-16,80,0,2006.8197205548586,0.25,60
cortexlab | KS086 | 2022-03-16,83,1,3663.145213468624,0.0,60
cortexlab | KS086 | 2022-03-16,84,1,916.2801367625661,0.0,60
cortexlab | KS086 | 2022-03-16,88,1,395.6671323800265,0.0,60
cortexlab | KS086 | 2022-03-16,92,0,371.27294479546435,0.0625,60
cortexlab | KS086 | 2022-03-16,93,0,3008.131437619568,0.0625,60
cortexlab | KS086 | 2022-03-16,100,1,590.622365063382,0.0,60
cortexlab | KS086 | 2022-03-16,105,1,152.73162134224094,1.0,60
cortexlab | KS086 | 2022-03-16,106,1,234.12868212994908,-0.0625,60
cortexlab | KS086 | 2022-03-16,110,1,193.28310225535006,1.0,60
cortexlab | KS086 | 2022-03-16,112,1,402.51523377196463,0.0625,60
cortexlab | KS086 | 2022-03-16,114,1,232.82937936494363,0.0625,60
cortexlab | KS086 | 2022-03-16,118,1,253.74053651489703,0.0625,60
cortexlab | KS086 | 2022-03-16,119,1,345.95116755394884,0.0625,60
cortexlab | KS086 | 2022-03-16,131,1,236.30157566708476,0.125,60
cortexlab | KS086 | 2022-03-16,139,1,1638.1163097676108,0.0,60
cortexlab | KS086 | 2022-03-16,148,1,211.76045958895884,1.0,60
cortexlab | KS086 | 2022-03-16,160,0,145.0044460339086,0.0,60
cortexlab | KS086 | 2022-03-16,172,0,688.3057663069394,0.0625,60
cortexlab | KS086 | 2022-03-16,188,0,147.68693649648412,0.0625,60
cortexlab | KS086 | 2022-03-16,194,1,3910.1861377246223,-0.0625,60
cortexlab | KS086 | 2022-03-16,195,0,2853.8991064745005,0.0625,60
cortexlab | KS086 | 2022-03-16,203,0,2094.383325796798,0.0625,60
cortexlab | KS086 | 2022-03-16,205,0,423.8891049344602,0.0,60
cortexlab | KS086 | 2022-03-16,208,1,230.2958749071422,1.0,60
cortexlab | KS086 | 2022-03-16,209,1,211.77909088874003,1.0,60
cortexlab | KS086 | 2022-03-16,212,1,876.2986673268642,-0.0625,60
cortexlab | KS086 | 2022-03-16,215,1,303.3808152019901,0.125,60
cortexlab | KS086 | 2022-03-16,217,1,727.824513857513,0.0,60
cortexlab | KS086 | 2022-03-16,218,1,1207.408989902433,-0.125,60
cortexlab | KS086 | 2022-03-16,233,1,224.69545487183495,0.125,60
cortexlab | KS086 | 2022-03-16,242,1,527.7366232926397,-0.0625,60
cortexlab | KS086 | 2022-03-16,243,1,2282.3517710849046,0.0,60
cortexlab | KS086 | 2022-03-16,244,0,1223.7277885262756,0.0625,60
cortexlab | KS086 | 2022-03-16,246,1,207.22619015577948,0.125,60
cortexlab | KS086 | 2022-03-16,249,1,163.04091956931188,0.0,60
cortexlab | KS086 | 2022-03-16,254,1,114.63600825300091,0.0625,60
cortexlab | KS086 | 2022-03-16,265,1,94.8481746120251,-0.0625,60
cortexlab | KS086 | 2022-03-16,268,0,277.1729305079589,-0.125,60
cortexlab | KS086 | 2022-03-16,269,1,1537.3490864553787,1.0,60
cortexlab | KS086 | 2022-03-16,270,1,145.33385246249964,0.125,60
cortexlab | KS086 | 2022-03-16,276,0,189.90974817711503,-0.125,60
cortexlab | KS086 | 2022-03-16,281,1,252.00843995912692,1.0,60
cortexlab | KS086 | 2022-03-16,282,0,1709.6726791987749,0.0,60
cortexlab | KS086 | 2022-03-16,283,1,206.264315628232,1.0,60
cortexlab | KS086 | 2022-03-16,288,1,2817.6273644126013,-0.0625,60
cortexlab | KS086 | 2022-03-16,294,1,299.6817921869024,0.0625,60
cortexlab | KS086 | 2022-03-16,296,1,103.39988035229908,0.0,60
cortexlab | KS086 | 2022-03-16,299,0,1294.2786468549912,0.0625,60
cortexlab | KS086 | 2022-03-16,301,1,199.0189652922254,1.0,60
cortexlab | KS086 | 2022-03-16,306,0,247.12138685617902,0.125,60
cortexlab | KS086 | 2022-03-16,318,0,3030.1280169724123,0.125,60
cortexlab | KS086 | 2022-03-16,319,0,432.2650319231798,0.125,60
cortexlab | KS086 | 2022-03-16,320,0,180.72150737293668,0.0625,60
cortexlab | KS086 | 2022-03-16,323,0,287.5558434309369,0.0625,60
cortexlab | KS086 | 2022-03-16,329,1,728.9487014209044,-0.0625,60
cortexlab | KS086 | 2022-03-16,330,1,217.44141794647476,0.25,60
cortexlab | KS086 | 2022-03-16,331,1,263.51160214403535,0.0625,60
cortexlab | KS086 | 2022-03-16,332,1,202.33454869321577,0.0625,60
cortexlab | KS086 | 2022-03-16,341,1,179.75365743131988,0.125,60
cortexlab | KS086 | 2022-03-16,342,1,161.4711678189451,0.125,60
cortexlab | KS086 | 2022-03-16,343,1,174.5756642753804,0.25,60
cortexlab | KS086 | 2022-03-16,346,1,608.1133419556863,0.0,60
cortexlab | KS086 | 2022-03-16,347,1,252.54680665625528,0.0625,60
cortexlab | KS086 | 2022-03-16,348,1,789.945260681634,1.0,60
cortexlab | KS086 | 2022-03-16,349,1,234.9411267744017,0.25,60
cortexlab | KS086 | 2022-03-16,350,1,162.8772947251491,0.25,60
cortexlab | KS086 | 2022-03-16,354,0,385.471805631596,0.0625,60
cortexlab | KS086 | 2022-03-16,374,0,3683.320970992554,0.0625,60
cortexlab | KS086 | 2022-03-16,380,0,1015.7768455596852,-0.125,60
cortexlab | KS086 | 2022-03-16,381,0,146.8173435191602,0.125,60
cortexlab | KS086 | 2022-03-16,390,0,3263.0477050802256,0.0625,60
cortexlab | KS086 | 2022-03-16,392,0,1117.0596687502439,0.125,60
cortexlab | KS086 | 2022-03-16,394,0,1054.5661427104278,-0.0625,60
cortexlab | KS086 | 2022-03-16,398,1,240.17851230519227,1.0,60
cortexlab | KS086 | 2022-03-16,404,0,3845.718212762222,-0.0625,60
cortexlab | KS086 | 2022-03-16,407,0,2918.9207519825686,1.0,60
cortexlab | KS086 | 2022-03-16,415,0,212.65036812337712,0.125,60
cortexlab | KS086 | 2022-03-16,417,0,3657.20942204689,0.125,60
cortexlab | KS086 | 2022-03-16,422,1,441.51260494891176,0.0625,60
cortexlab | KS086 | 2022-03-16,423,1,231.59507255695644,1.0,60
cortexlab | KS086 | 2022-03-16,424,0,2035.5741920625405,0.125,60
cortexlab | KS086 | 2022-03-16,425,0,1734.4151578017772,0.0,60
cortexlab | KS086 | 2022-03-16,428,0,215.21379196337875,0.0625,60
cortexlab | KS086 | 2022-03-16,432,0,1007.2988891547539,0.0625,60
cortexlab | KS086 | 2022-03-16,433,0,167.45067969759475,0.0625,60
cortexlab | KS086 | 2022-03-16,440,1,3002.9806888019266,0.25,60
cortexlab | KS086 | 2022-03-16,446,1,1177.3454588164896,0.125,60
cortexlab | KS086 | 2022-03-16,450,0,133.84219454746926,-0.0625,60
cortexlab | KS086 | 2022-03-16,454,1,479.03481594812547,1.0,60
cortexlab | KS086 | 2022-03-16,457,0,1646.6896848342003,0.0625,60
cortexlab | KS086 | 2022-03-16,465,0,180.75726683491666,-0.0625,60
cortexlab | KS086 | 2022-03-16,471,0,420.62866897867934,-0.0625,60
cortexlab | KS086 | 2022-03-16,485,0,2223.160974768234,1.0,60
cortexlab | KS086 | 2022-03-16,497,0,182.59130890010056,-0.0625,60
cortexlab | KS086 | 2022-03-16,500,1,260.14405646083105,0.125,60
cortexlab | KS086 | 2022-03-16,502,0,247.44284869211697,0.125,60
cortexlab | KS086 | 2022-03-16,507,0,283.93532627569584,-0.125,60
cortexlab | KS086 | 2022-03-16,513,0,2810.296364189526,-0.0625,60
cortexlab | KS086 | 2022-03-16,521,0,997.2827089768543,0.25,60
cortexlab | KS086 | 2022-03-16,522,1,223.9270110144389,1.0,60
cortexlab | KS086 | 2022-03-16,523,0,1756.728052971539,0.25,60
cortexlab | KS086 | 2022-03-16,526,1,2906.944138655035,0.125,60
cortexlab | KS086 | 2022-03-16,528,0,2226.7925204942003,0.0,60
cortexlab | KS086 | 2022-03-16,529,1,193.02702353070345,1.0,60
cortexlab | KS086 | 2022-03-16,539,0,2211.7620824424193,0.0625,60
cortexlab | KS086 | 2022-03-16,540,0,3104.3239976647783,0.0625,60
cortexlab | KS086 | 2022-03-16,546,0,2807.028019291465,0.25,60
cortexlab | KS086 | 2022-03-16,552,0,2340.6253707530595,0.125,60
cortexlab | KS086 | 2022-03-16,560,0,3425.4071311652297,0.0,60
cortexlab | KS086 | 2022-03-16,567,0,2845.3168519208702,0.125,60
cortexlab | KS086 | 2022-03-16,569,0,3051.8275982667546,1.0,60
