session,speed,n_trials,decision_time_cutoff_ms,spn_i,spn_j,pearson_r
Hench_2017-06-18,fast,73,128.48339308288814,iSPN_left,iSPN_left,1.0
Hench_2017-06-18,fast,73,128.48339308288814,iSPN_left,dSPN_left,0.09158768633848204
Hench_2017-06-18,fast,73,128.48339308288814,iSPN_left,dSPN_right,0.2510946824380693
Hench_2017-06-18,fast,73,128.48339308288814,iSPN_left,iSPN_right,0.06299181781584991
Hench_2017-06-18,fast,73,128.48339308288814,dSPN_left,iSPN_left,0.09158768633848204
Hench_2017-06-18,fast,73,128.48339308288814,dSPN_left,dSPN_left,1.0
Hench_2017-06-18,fast,73,128.48339308288814,dSPN_left,dSPN_right,-0.11387629181247007
Hench_2017-06-18,fast,73,128.48339308288814,dSPN_left,iSPN_right,-0.03521655055406814
Hench_2017-06-18,fast,73,128.48339308288814,dSPN_right,iSPN_left,0.25109468243806926
Hench_2017-06-18,fast,73,128.48339308288814,dSPN_right,dSPN_left,-0.11387629181247007
Hench_2017-06-18,fast,73,128.48339308288814,dSPN_right,dSPN_right,1.0
Hench_2017-06-18,fast,73,128.48339308288814,dSPN_right,iSPN_right,0.2276468610314768
Hench_2017-06-18,fast,73,128.48339308288814,iSPN_right,iSPN_left,0.0629918178158499
Hench_2017-06-18,fast,73,128.48339308288814,iSPN_right,dSPN_left,-0.03521655055406814
Hench_2017-06-18,fast,73,128.48339308288814,iSPN_right,dSPN_right,0.2276468610314768
Hench_2017-06-18,fast,73,128.48339308288814,iSPN_right,iSPN_right,1.0
Hench_2017-06-18,slow,73,189.53755138772976,iSPN_left,iSPN_left,1.0
Hench_2017-06-18,slow,73,189.53755138772976,iSPN_left,dSPN_left,-0.06398219904932756
Hench_2017-06-18,slow,73,189.53755138772976,iSPN_left,dSPN_right,0.20712386924450135
Hench_2017-06-18,slow,73,189.53755138772976,iSPN_left,iSPN_right,0.059074987746600145
Hench_2017-06-18,slow,73,189.53755138772976,dSPN_left,iSPN_left,-0.06398219904932755
Hench_2017-06-18,slow,73,189.53755138772976,dSPN_left,dSPN_left,1.0
Hench_2017-06-18,slow,73,189.53755138772976,dSPN_left,dSPN_right,-0.18862460464415126
Hench_2017-06-18,slow,73,189.53755138772976,dSPN_left,iSPN_right,0.13332312998640844
Hench_2017-06-18,slow,73,189.53755138772976,dSPN_right,iSPN_left,0.20712386924450135
Hench_2017-06-18,slow,73,189.53755138772976,dSPN_right,dSPN_left,-0.18862460464415126
Hench_2017-06-18,slow,73,189.53755138772976,dSPN_right,dSPN_right,1.0
Hench_2017-06-18,slow,73,189.53755138772976,dSPN_right,iSPN_right,0.10774934643018877
Hench_2017-06-18,slow,73,189.53755138772976,iSPN_right,iSPN_left,0.05907498774660015
Hench_2017-06-18,slow,73,189.53755138772976,iSPN_right,dSPN_left,0.13332312998640844
Hench_2017-06-18,slow,73,189.53755138772976,iSPN_right,dSPN_right,0.10774934643018878
Hench_2017-06-18,slow,73,189.53755138772976,iSPN_right,iSPN_right,1.0
Lederberg_2017-12-11,fast,74,126.50092444755501,iSPN_left,iSPN_left,1.0
Lederberg_2017-12-11,fast,74,126.50092444755501,iSPN_left,dSPN_left,0.0494532135259243
Lederberg_2017-12-11,fast,74,126.50092444755501,iSPN_left,dSPN_right,0.20011974521643755
Lederberg_2017-12-11,fast,74,126.50092444755501,iSPN_left,iSPN_right,-0.05049681579723149
Lederberg_2017-12-11,fast,74,126.50092444755501,dSPN_left,iSPN_left,0.0494532135259243
Lederberg_2017-12-11,fast,74,126.50092444755501,dSPN_left,dSPN_left,1.0
Lederberg_2017-12-11,fast,74,126.50092444755501,dSPN_left,dSPN_right,-0.010896064133161638
Lederberg_2017-12-11,fast,74,126.50092444755501,dSPN_left,iSPN_right,-0.026189733514876468
Lederberg_2017-12-11,fast,74,126.50092444755501,dSPN_right,iSPN_left,0.20011974521643755
Lederberg_2017-12-11,fast,74,126.50092444755501,dSPN_right,dSPN_left,-0.010896064133161638
Lederberg_2017-12-11,fast,74,126.50092444755501,dSPN_right,dSPN_right,1.0
Lederberg_2017-12-11,fast,74,126.50092444755501,dSPN_right,iSPN_right,0.15718790992954088
Lederberg_2017-12-11,fast,74,126.50092444755501,iSPN_right,iSPN_left,-0.05049681579723149
Lederberg_2017-12-11,fast,74,126.50092444755501,iSPN_right,dSPN_left,-0.026189733514876468
Lederberg_2017-12-11,fast,74,126.50092444755501,iSPN_right,dSPN_right,0.15718790992954085
Lederberg_2017-12-11,fast,74,126.50092444755501,iSPN_right,iSPN_right,1.0
Lederberg_2017-12-11,slow,74,176.9785691480763,iSPN_left,iSPN_left,1.0
Lederberg_2017-12-11,slow,74,176.9785691480763,iSPN_left,dSPN_left,-0.054627898012396835
Lederberg_2017-12-11,slow,74,176.9785691480763,iSPN_left,dSPN_right,0.19017112840181666
Lederberg_2017-12-11,slow,74,176.9785691480763,iSPN_left,iSPN_right,-0.04165152074529279
Lederberg_2017-12-11,slow,74,176.9785691480763,dSPN_left,iSPN_left,-0.05462789801239683
Lederberg_2017-12-11,slow,74,176.9785691480763,dSPN_left,dSPN_left,1.0
Lederberg_2017-12-11,slow,74,176.9785691480763,dSPN_left,dSPN_right,-0.08495147377709222
Lederberg_2017-12-11,slow,74,176.9785691480763,dSPN_left,iSPN_right,-0.11449451577008304
Lederberg_2017-12-11,slow,74,176.9785691480763,dSPN_right,iSPN_left,0.19017112840181663
Lederberg_2017-12-11,slow,74,176.9785691480763,dSPN_right,dSPN_left,-0.08495147377709224
Lederberg_2017-12-11,slow,74,176.9785691480763,dSPN_right,dSPN_right,1.0
Lederberg_2017-12-11,slow,74,176.9785691480763,dSPN_right,iSPN_right,0.20941996679850547
Lederberg_2017-12-11,slow,74,176.9785691480763,iSPN_right,iSPN_left,-0.04165152074529279
Lederberg_2017-12-11,slow,74,176.9785691480763,iSPN_right,dSPN_left,-0.11449451577008304
Lederberg_2017-12-11,slow,74,176.9785691480763,iSPN_right,dSPN_right,0.20941996679850547
Lederberg_2017-12-11,slow,74,176.9785691480763,iSPN_right,iSPN_right,1.0
Radnitz_2017-01-12,fast,12,163.16135883737815,dSPN_left,dSPN_left,1.0
Radnitz_2017-01-12,fast,12,163.16135883737815,dSPN_left,iSPN_left,0.07236776660595391
Radnitz_2017-01-12,fast,12,163.16135883737815,dSPN_left,iSPN_right,0.08024418604899998
Radnitz_2017-01-12,fast,12,163.16135883737815,dSPN_left,dSPN_right,0.30178585202884717
Radnitz_2017-01-12,fast,12,163.16135883737815,iSPN_left,dSPN_left,0.07236776660595391
Radnitz_2017-01-12,fast,12,163.16135883737815,iSPN_left,iSPN_left,1.0
Radnitz_2017-01-12,fast,12,163.16135883737815,iSPN_left,iSPN_right,-0.04327029130072029
Radnitz_2017-01-12,fast,12,163.16135883737815,iSPN_left,dSPN_right,0.2712228659830429
Radnitz_2017-01-12,fast,12,163.16135883737815,iSPN_right,dSPN_left,0.080244186049
Radnitz_2017-01-12,fast,12,163.16135883737815,iSPN_right,iSPN_left,-0.04327029130072029
Radnitz_2017-01-12,fast,12,163.16135883737815,iSPN_right,iSPN_right,1.0
Radnitz_2017-01-12,fast,12,163.16135883737815,iSPN_right,dSPN_right,-0.029189419536948927
Radnitz_2017-01-12,fast,12,163.16135883737815,dSPN_right,dSPN_left,0.30178585202884717
Radnitz_2017-01-12,fast,12,163.16135883737815,dSPN_right,iSPN_left,0.27122286598304296
Radnitz_2017-01-12,fast,12,163.16135883737815,dSPN_right,iSPN_right,-0.029189419536948924
Radnitz_2017-01-12,fast,12,163.16135883737815,dSPN_right,dSPN_right,1.0
Radnitz_2017-01-12,slow,12,218.56105789979097,dSPN_left,dSPN_left,1.0
Radnitz_2017-01-12,slow,12,218.56105789979097,dSPN_left,iSPN_left,0.155436826149233
Radnitz_2017-01-12,slow,12,218.56105789979097,dSPN_left,iSPN_right,0.18894441893339847
Radnitz_2017-01-12,slow,12,218.56105789979097,dSPN_left,dSPN_right,0.17765998804627525
Radnitz_2017-01-12,slow,12,218.56105789979097,iSPN_left,dSPN_left,0.155436826149233
Radnitz_2017-01-12,slow,12,218.56105789979097,iSPN_left,iSPN_left,1.0
Radnitz_2017-01-12,slow,12,218.56105789979097,iSPN_left,iSPN_right,0.308965813161727
Radnitz_2017-01-12,slow,12,218.56105789979097,iSPN_left,dSPN_right,0.5591261010661932
Radnitz_2017-01-12,slow,12,218.56105789979097,iSPN_right,dSPN_left,0.18894441893339847
Radnitz_2017-01-12,slow,12,218.56105789979097,iSPN_right,iSPN_left,0.30896581316172694
Radnitz_2017-01-12,slow,12,218.56105789979097,iSPN_right,iSPN_right,1.0
Radnitz_2017-01-12,slow,12,218.56105789979097,iSPN_right,dSPN_right,0.6121749580140342
Radnitz_2017-01-12,slow,12,218.56105789979097,dSPN_right,dSPN_left,0.17765998804627525
Radnitz_2017-01-12,slow,12,218.56105789979097,dSPN_right,iSPN_left,0.5591261010661932
Radnitz_2017-01-12,slow,12,218.56105789979097,dSPN_right,iSPN_right,0.6121749580140343
Radnitz_2017-01-12,slow,12,218.56105789979097,dSPN_right,dSPN_right,1.0
Richards_2017-11-01,fast,34,144.4313856026156,iSPN_left,iSPN_left,1.0
Richards_2017-11-01,fast,34,144.4313856026156,iSPN_left,dSPN_left,-0.21013981921918318
Richards_2017-11-01,fast,34,144.4313856026156,iSPN_left,iSPN_right,0.13795650767511874
Richards_2017-11-01,fast,34,144.4313856026156,iSPN_left,dSPN_right,0.07272054871766896
Richards_2017-11-01,fast,34,144.4313856026156,dSPN_left,iSPN_left,-0.21013981921918318
Richards_2017-11-01,fast,34,144.4313856026156,dSPN_left,dSPN_left,1.0
Richards_2017-11-01,fast,34,144.4313856026156,dSPN_left,iSPN_right,-0.03906803425152033
Richards_2017-11-01,fast,34,144.4313856026156,dSPN_left,dSPN_right,0.10573997059306568
Richards_2017-11-01,fast,34,144.4313856026156,iSPN_right,iSPN_left,0.13795650767511872
Richards_2017-11-01,fast,34,144.4313856026156,iSPN_right,dSPN_left,-0.03906803425152033
Richards_2017-11-01,fast,34,144.4313856026156,iSPN_right,iSPN_right,1.0
Richards_2017-11-01,fast,34,144.4313856026156,iSPN_right,dSPN_right,0.04390607557355397
Richards_2017-11-01,fast,34,144.4313856026156,dSPN_right,iSPN_left,0.07272054871766896
Richards_2017-11-01,fast,34,144.4313856026156,dSPN_right,dSPN_left,0.10573997059306567
Richards_2017-11-01,fast,34,144.4313856026156,dSPN_right,iSPN_right,0.04390607557355398
Richards_2017-11-01,fast,34,144.4313856026156,dSPN_right,dSPN_right,1.0
Richards_2017-11-01,slow,34,233.59211235481325,iSPN_left,iSPN_left,1.0
Richards_2017-11-01,slow,34,233.59211235481325,iSPN_left,dSPN_left,-0.0004910498203286528
Richards_2017-11-01,slow,34,233.59211235481325,iSPN_left,iSPN_right,0.09220168042054122
Richards_2017-11-01,slow,34,233.59211235481325,iSPN_left,dSPN_right,0.09118059643186184
Richards_2017-11-01,slow,34,233.59211235481325,dSPN_left,iSPN_left,-0.0004910498203286528
Richards_2017-11-01,slow,34,233.59211235481325,dSPN_left,dSPN_left,1.0
Richards_2017-11-01,slow,34,233.59211235481325,dSPN_left,iSPN_right,-0.014871883471029407
Richards_2017-11-01,slow,34,233.59211235481325,dSPN_left,dSPN_right,-0.08733921762409572
Richards_2017-11-01,slow,34,233.59211235481325,iSPN_right,iSPN_left,0.09220168042054122
Richards_2017-11-01,slow,34,233.59211235481325,iSPN_right,dSPN_left,-0.014871883471029407
Richards_2017-11-01,slow,34,233.59211235481325,iSPN_right,iSPN_right,1.0
Richards_2017-11-01,slow,34,233.59211235481325,iSPN_right,dSPN_right,0.06322016125979184
Richards_2017-11-01,slow,34,233.59211235481325,dSPN_right,iSPN_left,0.09118059643186184
Richards_2017-11-01,slow,34,233.59211235481325,dSPN_right,dSPN_left,-0.08733921762409572
Richards_2017-11-01,slow,34,233.59211235481325,dSPN_right,iSPN_right,0.06322016125979185
Richards_2017-11-01,slow,34,233.59211235481325,dSPN_right,dSPN_right,1.0
