session,matching_seed,repetition,pipeline_success,pattern_pass,chan_dom_L_min,chan_dom_L_mean,chan_dom_R_min,chan_dom_R_mean,late_L_d_minus_i,late_L_i_minus_dR,late_R_d_minus_i,late_R_i_minus_dL,min_required_margin,error
Hench_2017-06-18,2,0,True,False,,,,,,,,,,
Hench_2017-06-18,2,1,True,False,,,,,,,,,,
Hench_2017-06-18,2,2,True,False,,,,,,,,,,
Hench_2017-06-18,2,3,True,False,,,,,,,,,,
Hench_2017-06-18,2,4,True,False,1.5153938514116116,2.014242031610179,1.341066735344286,2.0142420316101792,-0.24857127493387898,0.19598472991451446,-0.36901447376607854,-0.6133866320378276,-0.6133866320378276,
Hench_2017-06-18,2,5,True,False,1.4270330515766767,2.343501416695536,2.0839920767506532,2.3435014166955352,0.38884274660091434,0.1115997917764415,-0.1492587198537656,0.33245069144823924,-0.1492587198537656,
Hench_2017-06-18,2,6,True,False,2.3292348000049894,2.552817946689563,2.0475687523580883,2.552817946689562,-0.28384484559580003,-0.04769456821473543,-0.026603775681920627,0.3450320241265583,-0.28384484559580003,
Hench_2017-06-18,2,7,True,False,,,,,,,,,,
Hench_2017-06-18,2,8,True,False,0.9183444482765413,1.795768203767417,1.2371219599124905,1.795768203767416,-0.37640473241616346,-0.15114918703107919,-0.13062740986400834,-0.033692146033456605,-0.37640473241616346,
Hench_2017-06-18,2,9,True,False,,,,,,,,,,
Hench_2017-06-18,2,10,True,False,,,,,,,,,,
Hench_2017-06-18,2,11,True,False,2.047576375393317,2.5785472657023196,1.6743510410740345,2.5785472657023174,-0.45716573063591426,-0.01362562115386906,0.2526939907383866,-0.03451794684654183,-0.45716573063591426,
Hench_2017-06-18,2,12,True,False,1.6093009931447237,2.1612158644140336,1.7423561795014422,2.1612158644140362,0.17218705841086712,-0.3077000903217848,0.17350250596455807,-0.582612525590253,-0.582612525590253,
Hench_2017-06-18,2,13,True,False,1.2780436305170606,2.1717686223772703,1.8738301601305547,2.171768622377268,0.2704453884109743,-0.09276383614869592,-0.0025252677107763244,-0.4668845422450334,-0.4668845422450334,
Hench_2017-06-18,2,14,True,False,,,,,,,,,,
Hench_2017-06-18,2,15,True,False,,,,,,,,,,
Hench_2017-06-18,2,16,True,False,1.4653539818590229,1.8497475829400492,0.7575689566521611,1.8497475829400496,-0.37986919649998785,-0.07512825296759457,-0.03894190730186686,-0.48710638857270505,-0.48710638857270505,
Hench_2017-06-18,2,17,True,False,1.0596629184391784,2.046545981410277,1.461999617787381,2.0465459814102767,-0.05833667974343926,0.7031760202146706,-0.09426025030707541,0.062478891111486995,-0.09426025030707541,
Hench_2017-06-18,2,18,True,False,0.7703307659854525,1.7605227079977526,1.0982283914027042,1.7605227079977512,-0.11801840639482108,-0.20908956448650035,-0.1969970336866691,-0.6937202904917372,-0.6937202904917372,
Hench_2017-06-18,2,19,True,False,1.451067426467433,2.1605749046059075,1.450304299014434,2.16057490460591,0.3390651245495838,0.20486522503581114,-0.07757273831536016,0.2312662463914732,-0.07757273831536016,
Hench_2017-06-18,2,20,True,False,,,,,,,,,,
Hench_2017-06-18,2,21,True,False,1.1107749565300682,1.8933484382501937,1.6931699153115818,1.893348438250193,-0.30592639655483367,-0.561981479694066,-0.3887000692480508,-0.4721337567114577,-0.561981479694066,
Hench_2017-06-18,2,22,True,False,0.6535697572890167,2.1914094882486137,1.9491637650252573,2.1914094882486137,-0.1427884594548794,0.028381345952195547,-0.40250708316683925,-0.8315627203109257,-0.8315627203109257,
Hench_2017-06-18,2,23,True,False,1.3991566030759603,2.0159844121282218,1.878705106368568,2.0159844121282213,-0.09930187730498685,-0.17059268319876172,0.15138869117475595,1.3624733778519276,-0.17059268319876172,
Hench_2017-06-18,2,24,True,False,,,,,,,,,,
Hench_2017-06-18,2,25,True,False,1.2973354278224534,1.8455693919362286,0.49449827163834714,1.8455693919362293,-0.16198367046901163,0.04182319636069187,0.03926078804412847,0.30109014999582384,-0.16198367046901163,
Hench_2017-06-18,2,26,True,False,,,,,,,,,,
Hench_2017-06-18,2,27,True,False,2.4047507109422286,2.674084498475562,2.333748652470645,2.674084498475562,-0.49624183674660793,0.3679190119487539,-0.0924987441388716,-0.08984876119578522,-0.49624183674660793,
Hench_2017-06-18,2,28,True,False,,,,,,,,,,
Hench_2017-06-18,2,29,True,False,0.90855466444496,1.7730138224085101,1.045061315536307,1.7730138224085097,0.10433521560156611,0.2635504681602223,-0.15572927415295168,0.5021151178836252,-0.15572927415295168,
Hench_2017-06-18,2,30,True,False,,,,,,,,,,
Hench_2017-06-18,2,31,True,False,1.9448887431066064,2.3161872368818144,1.9880199191724812,2.316187236881815,-0.22884945430060333,0.4773150360876184,0.1687640360949374,-0.17178775518712103,-0.22884945430060333,
Hench_2017-06-18,2,32,True,False,1.1668048517004674,2.2516659528500753,1.4901379533570704,2.251665952850074,-0.37349254850947533,-1.0683867924028465,-1.091351778832078,-0.3886821189574841,-1.091351778832078,
Hench_2017-06-18,2,33,True,False,,,,,,,,,,
Hench_2017-06-18,2,34,True,False,1.9133129186023783,2.1451927758102016,1.7987933957973996,2.145192775810202,-0.26687233461377713,0.490131335914376,0.16542753860655424,-0.36646744814933807,-0.36646744814933807,
Hench_2017-06-18,2,35,True,False,,,,,,,,,,
Hench_2017-06-18,2,36,True,False,,,,,,,,,,
Hench_2017-06-18,2,37,True,False,1.7652516060468102,2.3754480280614896,1.8600817920131247,2.3754480280614882,-0.12642739997423047,-0.3870387450871402,-0.18251334420217513,0.10073817684641892,-0.3870387450871402,
Hench_2017-06-18,2,38,True,False,,,,,,,,,,
Hench_2017-06-18,2,39,True,True,1.2050073267348103,2.006481172650319,1.4776412762240176,2.0064811726503176,0.5516807111872766,0.7633729257872578,0.15318786785862204,0.7458883666129013,0.15318786785862204,
Hench_2017-06-18,2,40,True,False,1.4402458329997403,1.7515484519330162,0.8000611529939545,1.7515484519330167,-0.07191258845249493,0.7245554601641996,-0.17283707842868967,-0.24954188167250066,-0.24954188167250066,
Hench_2017-06-18,2,41,True,True,1.79122536931875,1.8959953873934177,1.3294677368466232,1.8959953873934199,0.31848477297779365,0.5564383696540919,0.07255598211896475,0.6176413857234968,0.07255598211896475,
Hench_2017-06-18,2,42,True,False,0.4097324248391565,1.6939226025554746,0.9120048714765043,1.6939226025554763,0.5523685358435256,-0.8719802842071699,0.16283994198175167,-0.07326052909980699,-0.8719802842071699,
Hench_2017-06-18,2,43,True,False,,,,,,,,,,
Hench_2017-06-18,2,44,True,False,0.4879721016520977,1.4831436178657864,0.17659220229707828,1.483143617865787,0.20861091182288805,-0.262508716346199,-0.42506072890649227,0.1338228485350374,-0.42506072890649227,
Hench_2017-06-18,2,45,True,False,,,,,,,,,,
Hench_2017-06-18,2,46,True,False,,,,,,,,,,
Hench_2017-06-18,2,47,True,False,,,,,,,,,,
Hench_2017-06-18,2,48,True,False,1.0705256739838522,2.0851066331980266,1.63798678268229,2.085106633198027,0.5097568246453682,0.12831592432084288,-0.04936557616941417,0.4727125055477249,-0.04936557616941417,
Hench_2017-06-18,2,49,True,False,1.7188994035121343,2.0659975425123647,1.2719688205071185,2.0659975425123656,-0.10269917057720379,0.9951945707036942,0.31451640060105857,-0.03567649715281446,-0.10269917057720379,
Lederberg_2017-12-11,4,0,True,False,,,,,,,,,,
Lederberg_2017-12-11,4,1,True,False,,,,,,,,,,
Lederberg_2017-12-11,4,2,True,False,,,,,,,,,,
Lederberg_2017-12-11,4,3,True,False,0.9868381275670719,1.8450678430991452,1.1189469614650278,1.8450678430991452,-0.3838569989625864,0.09484414462899238,-0.40422883609067495,-0.10753515385484229,-0.40422883609067495,
Lederberg_2017-12-11,4,4,True,False,,,,,,,,,,
Lederberg_2017-12-11,4,5,True,False,1.4514310827193668,2.123803627494666,1.3480128899490988,2.1238036274946652,-0.5103994792802493,0.13351964622856655,0.3070237685190117,0.42070569636665267,-0.5103994792802493,
Lederberg_2017-12-11,4,6,True,False,,,,,,,,,,
Lederberg_2017-12-11,4,7,False,False,,,,,,,,,,Lederberg_2017-12-11: only 7 units after the original filters.
Lederberg_2017-12-11,4,8,True,False,,,,,,,,,,
Lederberg_2017-12-11,4,9,True,False,0.2789738421306196,1.5297254569287524,0.9932515316526798,1.5297254569287515,-0.09627548043582745,-0.3089547092455706,0.45388649193999975,0.31160114345924095,-0.3089547092455706,
Lederberg_2017-12-11,4,10,True,False,,,,,,,,,,
Lederberg_2017-12-11,4,11,True,False,,,,,,,,,,
Lederberg_2017-12-11,4,12,False,False,,,,,,,,,,Lederberg_2017-12-11: only 6 units after the original filters.
Lederberg_2017-12-11,4,13,True,False,,,,,,,,,,
Lederberg_2017-12-11,4,14,True,False,,,,,,,,,,
Lederberg_2017-12-11,4,15,True,False,,,,,,,,,,
Lederberg_2017-12-11,4,16,True,False,,,,,,,,,,
Lederberg_2017-12-11,4,17,True,False,,,,,,,,,,
Lederberg_2017-12-11,4,18,True,False,,,,,,,,,,
Lederberg_2017-12-11,4,19,True,False,,,,,,,,,,
Lederberg_2017-12-11,4,20,True,False,,,,,,,,,,
Lederberg_2017-12-11,4,21,True,False,,,,,,,,,,
Lederberg_2017-12-11,4,22,True,False,,,,,,,,,,
Lederberg_2017-12-11,4,23,True,False,,,,,,,,,,
Lederberg_2017-12-11,4,24,True,False,,,,,,,,,,
Lederberg_2017-12-11,4,25,True,False,,,,,,,,,,
Lederberg_2017-12-11,4,26,True,False,1.168071251660156,1.9713271727693586,1.580434641552693,1.97132717276936,-0.22424695301631714,0.10755540250294685,-0.2607291886849228,-0.22148926016855638,-0.2607291886849228,
Lederberg_2017-12-11,4,27,True,False,,,,,,,,,,
Lederberg_2017-12-11,4,28,False,False,,,,,,,,,,Lederberg_2017-12-11: only 6 units after the original filters.
Lederberg_2017-12-11,4,29,True,False,,,,,,,,,,
Lederberg_2017-12-11,4,30,True,False,,,,,,,,,,
Lederberg_2017-12-11,4,31,True,False,,,,,,,,,,
Lederberg_2017-12-11,4,32,True,False,,,,,,,,,,
Lederberg_2017-12-11,4,33,True,False,,,,,,,,,,
Lederberg_2017-12-11,4,34,True,False,,,,,,,,,,
Lederberg_2017-12-11,4,35,True,False,0.8115884010675396,1.625945829646844,1.176574015751683,1.6259458296468445,-0.9150823150267626,0.8166598905899762,0.3319779808395342,-0.3613770263518161,-0.9150823150267626,
Lederberg_2017-12-11,4,36,True,False,,,,,,,,,,
Lederberg_2017-12-11,4,37,True,False,,,,,,,,,,
Lederberg_2017-12-11,4,38,True,False,,,,,,,,,,
Lederberg_2017-12-11,4,39,True,False,,,,,,,,,,
Lederberg_2017-12-11,4,40,True,False,,,,,,,,,,
Lederberg_2017-12-11,4,41,False,False,,,,,,,,,,Lederberg_2017-12-11: only 5 units after the original filters.
Lederberg_2017-12-11,4,42,True,False,,,,,,,,,,
Lederberg_2017-12-11,4,43,True,False,,,,,,,,,,
Lederberg_2017-12-11,4,44,True,False,,,,,,,,,,
Lederberg_2017-12-11,4,45,True,False,,,,,,,,,,
Lederberg_2017-12-11,4,46,True,False,1.4814993933707417,2.1122559560193124,0.8565731948148809,2.112255956019312,-0.22725981265219897,0.04436214999941235,-0.021376478509954944,0.14278067458680477,-0.22725981265219897,
Lederberg_2017-12-11,4,47,True,False,,,,,,,,,,
Lederberg_2017-12-11,4,48,True,False,,,,,,,,,,
Lederberg_2017-12-11,4,49,False,False,,,,,,,,,,Lederberg_2017-12-11: only 5 units after the original filters.
Radnitz_2017-01-12,5,0,True,False,,,,,,,,,,
Radnitz_2017-01-12,5,1,True,False,,,,,,,,,,
Radnitz_2017-01-12,5,2,True,False,,,,,,,,,,
Radnitz_2017-01-12,5,3,True,False,,,,,,,,,,
Radnitz_2017-01-12,5,4,True,False,,,,,,,,,,
Radnitz_2017-01-12,5,5,True,False,0.7495593538650798,1.5662688631252744,0.8585089300967701,1.5662688631252752,0.338254490881301,-0.5797585892118501,-0.3640250524519411,0.6770013048237903,-0.5797585892118501,
Radnitz_2017-01-12,5,6,True,False,,,,,,,,,,
Radnitz_2017-01-12,5,7,True,False,,,,,,,,,,
Radnitz_2017-01-12,5,8,True,False,,,,,,,,,,
Radnitz_2017-01-12,5,9,True,False,,,,,,,,,,
Radnitz_2017-01-12,5,10,True,False,,,,,,,,,,
Radnitz_2017-01-12,5,11,True,False,,,,,,,,,,
Radnitz_2017-01-12,5,12,False,False,,,,,,,,,,Radnitz_2017-01-12: only 6 units after the original filters.
Radnitz_2017-01-12,5,13,True,False,,,,,,,,,,
Radnitz_2017-01-12,5,14,True,False,,,,,,,,,,
Radnitz_2017-01-12,5,15,False,False,,,,,,,,,,Radnitz_2017-01-12: only 4 units after the original filters.
Radnitz_2017-01-12,5,16,True,False,,,,,,,,,,
Radnitz_2017-01-12,5,17,True,False,,,,,,,,,,
Radnitz_2017-01-12,5,18,True,False,,,,,,,,,,
Radnitz_2017-01-12,5,19,True,False,,,,,,,,,,
Radnitz_2017-01-12,5,20,True,False,,,,,,,,,,
Radnitz_2017-01-12,5,21,True,False,,,,,,,,,,
Radnitz_2017-01-12,5,22,True,False,,,,,,,,,,
Radnitz_2017-01-12,5,23,True,False,,,,,,,,,,
Radnitz_2017-01-12,5,24,True,False,,,,,,,,,,
Radnitz_2017-01-12,5,25,True,False,,,,,,,,,,
Radnitz_2017-01-12,5,26,True,False,,,,,,,,,,
Radnitz_2017-01-12,5,27,True,False,,,,,,,,,,
Radnitz_2017-01-12,5,28,True,False,,,,,,,,,,
Radnitz_2017-01-12,5,29,True,False,,,,,,,,,,
Radnitz_2017-01-12,5,30,True,False,,,,,,,,,,
Radnitz_2017-01-12,5,31,True,False,,,,,,,,,,
Radnitz_2017-01-12,5,32,True,False,1.186178489724242,1.5792935728158595,0.8738670936510726,1.5792935728158592,-0.08225729008884108,0.32892606186904433,0.16654113000390913,0.32779566207043653,-0.08225729008884108,
Radnitz_2017-01-12,5,33,True,False,,,,,,,,,,
Radnitz_2017-01-12,5,34,True,False,,,,,,,,,,
Radnitz_2017-01-12,5,35,True,False,,,,,,,,,,
Radnitz_2017-01-12,5,36,True,False,,,,,,,,,,
Radnitz_2017-01-12,5,37,True,False,,,,,,,,,,
Radnitz_2017-01-12,5,38,True,False,1.4415037519362104,2.2244598410930525,1.3152707218648123,2.2244598410930525,-0.4115676908856736,0.3230388451287347,0.2676280714705561,-0.06796804282212393,-0.4115676908856736,
Radnitz_2017-01-12,5,39,True,False,2.1657652425012013,2.365571823528708,2.169204881601074,2.365571823528708,0.5051806152843785,-0.0735962065642966,0.3542131579198503,0.5254166179837046,-0.0735962065642966,
Radnitz_2017-01-12,5,40,True,False,0.9690356571180592,1.5168167706544224,-0.1747527019112447,1.516816770654423,-0.8292133957161729,0.2807815001191085,-0.207459787506861,-1.4059158782701175,-1.4059158782701175,
Radnitz_2017-01-12,5,41,True,False,,,,,,,,,,
Radnitz_2017-01-12,5,42,True,False,,,,,,,,,,
Radnitz_2017-01-12,5,43,True,False,,,,,,,,,,
Radnitz_2017-01-12,5,44,True,False,,,,,,,,,,
Radnitz_2017-01-12,5,45,True,False,,,,,,,,,,
Radnitz_2017-01-12,5,46,True,False,,,,,,,,,,
Radnitz_2017-01-12,5,47,True,False,,,,,,,,,,
Radnitz_2017-01-12,5,48,True,False,,,,,,,,,,
Radnitz_2017-01-12,5,49,True,False,,,,,,,,,,
Richards_2017-11-01,27,0,True,False,1.7891284735593715,2.1630294910550134,1.435631886388346,2.1630294910550143,0.33393065281277756,0.271518554276932,0.023987918175094824,-0.12231153330908447,-0.12231153330908447,
Richards_2017-11-01,27,1,True,False,,,,,,,,,,
Richards_2017-11-01,27,2,True,False,1.917925789377136,2.111674512810524,1.6692057262364135,2.111674512810522,0.16034741335831248,-0.8504420216312106,-0.015089787373651187,0.3757797278658978,-0.8504420216312106,
Richards_2017-11-01,27,3,True,False,1.5874896708001391,2.0342454970813697,1.9056613793630046,2.0342454970813697,-0.14729877957640247,0.789124474220021,0.3365921097119936,-0.22706274872423862,-0.22706274872423862,
Richards_2017-11-01,27,4,True,False,1.793362051323929,2.2957055563666167,1.9412799607786342,2.2957055563666153,0.22366336638197315,0.48301757529936595,-0.2171032284175427,0.5111930861880852,-0.2171032284175427,
Richards_2017-11-01,27,5,True,False,,,,,,,,,,
Richards_2017-11-01,27,6,True,True,1.872090275424669,2.3088635421263755,1.5390052717400808,2.308863542126376,0.2576353868509089,0.2590620738606135,0.1124677012198525,0.4669066600866383,0.1124677012198525,
Richards_2017-11-01,27,7,True,False,1.5006660100163494,1.8645153561031773,1.0983594637414416,1.8645153561031773,-0.43132226948151786,-0.16326917389497492,0.23594976293218117,-0.4835154636905963,-0.4835154636905963,
Richards_2017-11-01,27,8,True,False,1.1443638773016276,1.996810312148133,1.2895801846616788,1.9968103121481333,-0.10215339992699557,0.7746710306736112,0.49009208444718133,-0.42884342886049515,-0.42884342886049515,
Richards_2017-11-01,27,9,True,True,1.3354558270347936,1.9786237397269524,1.1568211629182779,1.9786237397269522,0.00497803341517844,0.1447240418261434,0.2022480134468987,0.9023175601587056,0.00497803341517844,
Richards_2017-11-01,27,10,True,False,,,,,,,,,,
Richards_2017-11-01,27,11,True,False,0.9981812288517666,1.810807276574283,1.058281771005318,1.8108072765742833,0.17626171846538907,-0.23759152803826622,-0.2481767136350782,0.09482114560974647,-0.2481767136350782,
Richards_2017-11-01,27,12,True,False,0.7829417089480986,1.940474018021919,1.667515321817488,1.9404740180219193,-0.05186141150708523,0.23672503016785373,-0.25924352244271454,0.14140882797158916,-0.25924352244271454,
Richards_2017-11-01,27,13,True,False,,,,,,,,,,
Richards_2017-11-01,27,14,True,False,,,,,,,,,,
Richards_2017-11-01,27,15,True,False,1.1558233119076644,2.2453173842901992,1.5597626101381512,2.2453173842901997,-0.15174645833436506,0.043387998675007367,0.3709073251995725,-0.013430919579976136,-0.15174645833436506,
Richards_2017-11-01,27,16,True,False,1.8002311799255286,2.2548954980192844,1.5609532094144905,2.2548954980192826,0.0729176361104813,0.4643831715896244,0.00947727518821373,-0.27196965216112456,-0.27196965216112456,
Richards_2017-11-01,27,17,True,False,2.0540545309463734,2.292595194813099,1.4381497081273666,2.2925951948131,0.13959819024821907,-0.396737519503791,-0.0906953893795569,0.1367169786431124,-0.396737519503791,
Richards_2017-11-01,27,18,True,False,,,,,,,,,,
Richards_2017-11-01,27,19,True,False,,,,,,,,,,
Richards_2017-11-01,27,20,True,False,1.5521742392596058,1.833514009800566,1.0947315907941788,1.8335140098005667,0.05330026538324356,-0.2700444852718751,0.19297209768026025,-0.11360399944134747,-0.2700444852718751,
Richards_2017-11-01,27,21,True,False,,,,,,,,,,
Richards_2017-11-01,27,22,True,False,1.10193848062837,2.286555362210983,1.4649820981507433,2.2865553622109824,0.11827280442401633,-0.47989116286763767,0.1718500902029081,-0.3821937771958045,-0.47989116286763767,
Richards_2017-11-01,27,23,True,False,,,,,,,,,,
Richards_2017-11-01,27,24,True,False,,,,,,,,,,
Richards_2017-11-01,27,25,True,False,,,,,,,,,,
Richards_2017-11-01,27,26,True,False,1.6608569430452127,2.0456843061271845,1.0801177896417438,2.045684306127186,-0.19463190148587417,-0.7929889276008226,-0.09921301904835556,-0.1833319222118867,-0.7929889276008226,
Richards_2017-11-01,27,27,True,False,0.46043872568694155,1.7286789466985215,0.5509453388637868,1.7286789466985224,0.053489012818340065,0.46310884146598175,0.03745102783186027,-0.3303078094173015,-0.3303078094173015,
Richards_2017-11-01,27,28,True,False,1.1893731799474392,1.835602501399084,1.2914833657131282,1.835602501399083,-0.14486024862123736,0.47061360011699604,-0.2124310847554478,-0.04870771771950587,-0.2124310847554478,
Richards_2017-11-01,27,29,True,False,,,,,,,,,,
Richards_2017-11-01,27,30,True,False,,,,,,,,,,
Richards_2017-11-01,27,31,True,False,0.8419956816530432,1.6405408846532874,1.5258384176870028,1.6405408846532874,-0.1927522146772691,0.4336595389451452,0.6826586813672242,-0.09004454274168334,-0.1927522146772691,
Richards_2017-11-01,27,32,True,False,,,,,,,,,,
Richards_2017-11-01,27,33,True,False,,,,,,,,,,
Richards_2017-11-01,27,34,True,True,1.784402592655905,2.103273360500019,1.2620876098605018,2.1032733605000193,0.3989319968330116,0.02644021556230873,0.17652437350634953,0.41292960329590356,0.02644021556230873,
Richards_2017-11-01,27,35,True,False,1.3538024478440527,1.657279323510777,0.892431448365818,1.6572793235107757,-0.22767406902413245,0.16010617518716605,0.16254328420302755,-0.3075261626919802,-0.3075261626919802,
Richards_2017-11-01,27,36,True,False,1.6844329398461833,2.1252693816326755,1.1229328310189406,2.125269381632675,-0.03889843531074799,-0.5610469967560083,-0.37909352468134183,0.1024489908381665,-0.5610469967560083,
Richards_2017-11-01,27,37,True,False,,,,,,,,,,
Richards_2017-11-01,27,38,True,False,0.8023405542243949,1.800401129481486,1.0342329657163558,1.800401129481487,0.16943703240093533,0.04710040028311013,-0.029538426883094493,0.1374310264821081,-0.029538426883094493,
Richards_2017-11-01,27,39,True,False,,,,,,,,,,
Richards_2017-11-01,27,40,True,False,1.188433491613976,1.8923481962072295,1.5789013111858228,1.8923481962072266,-0.5300743637377262,-1.288923696291558,-0.5791543113699256,-0.1866387357829157,-1.288923696291558,
Richards_2017-11-01,27,41,True,False,0.6528937600544227,1.5430327211973986,1.2187760639358212,1.5430327211973978,-0.322345848637033,0.2579988305848146,-0.18915240970864577,-0.558754339665149,-0.558754339665149,
Richards_2017-11-01,27,42,True,False,1.9945187500011978,2.166650977916689,1.3892083172168725,2.166650977916689,-0.14994536536564884,-0.14850674253049795,-0.5679681670847558,-0.24505099555581583,-0.5679681670847558,
Richards_2017-11-01,27,43,True,False,,,,,,,,,,
Richards_2017-11-01,27,44,True,False,,,,,,,,,,
Richards_2017-11-01,27,45,True,False,0.9134342405146499,1.6453795170397332,1.357701612867132,1.6453795170397338,-0.06659377515077214,-0.6907615794648161,-0.12078704893538683,0.5174901463423128,-0.6907615794648161,
Richards_2017-11-01,27,46,True,False,,,,,,,,,,
Richards_2017-11-01,27,47,True,False,0.3620003053873422,1.8409060799506414,0.7051876429698669,1.8409060799506405,-0.14238191891717966,-0.023668470823696497,-0.10800554558317266,0.023847648424054513,-0.14238191891717966,
Richards_2017-11-01,27,48,True,False,1.1222000560745156,1.8297061114435877,1.670259746893118,1.8297061114435882,0.3513551545543925,-0.09620164190445041,-0.029348873782572116,0.19573938672140007,-0.09620164190445041,
Richards_2017-11-01,27,49,True,False,0.12644582216938316,1.5439460630977273,1.146150522488755,1.543946063097729,0.9806351214497426,-0.5154517629684743,-0.31602358964614075,0.3531280533076316,-0.5154517629684743,
