session,trial_id,choice_left,decision_time_ms,signed_contrast,evidence_magnitude,matching_seed
Hench_2017-06-18,0,1,242.87493810408733,0.0,0.0,2
Hench_2017-06-18,2,0,245.98453129720355,1.0,1.0,2
Hench_2017-06-18,3,1,231.33604304017297,-1.0,1.0,2
Hench_2017-06-18,4,0,210.1013181101763,0.5,0.5,2
Hench_2017-06-18,5,1,224.46814830576045,-0.25,0.25,2
Hench_2017-06-18,6,1,193.43050402324025,-0.75,0.75,2
Hench_2017-06-18,7,0,163.7961702026729,1.0,1.0,2
Hench_2017-06-18,8,0,145.7647417664134,0.5,0.5,2
Hench_2017-06-18,10,1,180.664845899841,-0.5,0.5,2
Hench_2017-06-18,14,1,226.10576679574024,-1.0,1.0,2
Hench_2017-06-18,15,0,183.67414746084876,0.5,0.5,2
Hench_2017-06-18,16,1,139.03904538962308,-1.0,1.0,2
Hench_2017-06-18,18,1,142.35950118151663,-0.5,0.5,2
Hench_2017-06-18,20,0,212.4780340187158,0.25,0.25,2
Hench_2017-06-18,21,0,140.00120429629703,0.0,0.0,2
Hench_2017-06-18,22,1,365.7703671802608,-0.25,0.25,2
Hench_2017-06-18,24,1,223.49140963629566,-0.5,0.5,2
Hench_2017-06-18,30,0,141.35174040956144,1.0,1.0,2
Hench_2017-06-18,31,0,203.47355577231951,0.5,0.5,2
Hench_2017-06-18,32,0,289.0401904132034,0.5,0.5,2
Hench_2017-06-18,33,0,216.80721150741533,0.5,0.5,2
Hench_2017-06-18,35,1,209.2978126129026,-0.25,0.25,2
Hench_2017-06-18,36,1,187.26405614435748,-0.75,0.75,2
Hench_2017-06-18,41,0,252.02350056534328,0.0,0.0,2
Hench_2017-06-18,44,0,265.6161287589214,0.5,0.5,2
Hench_2017-06-18,48,0,222.38334880788102,0.25,0.25,2
Hench_2017-06-18,50,0,159.07470885187536,1.0,1.0,2
Hench_2017-06-18,63,1,189.53755138772976,-0.5,0.5,2
Hench_2017-06-18,64,0,242.89681547838882,0.0,0.0,2
Hench_2017-06-18,66,1,204.4157254568404,-1.0,1.0,2
Hench_2017-06-18,67,0,157.17925450252324,1.0,1.0,2
Hench_2017-06-18,69,0,177.85801989180072,0.5,0.5,2
Hench_2017-06-18,70,0,159.4124323630126,0.0,0.0,2
Hench_2017-06-18,71,0,176.77362872041158,0.5,0.5,2
Hench_2017-06-18,72,1,165.1367806249482,0.5,0.5,2
Hench_2017-06-18,74,1,204.65452658714867,-0.75,0.75,2
Hench_2017-06-18,75,0,163.02252079896107,1.0,1.0,2
Hench_2017-06-18,78,1,228.88633090860822,-0.5,0.5,2
Hench_2017-06-18,79,0,246.45994964635065,0.25,0.25,2
Hench_2017-06-18,88,1,187.22948715935672,-0.5,0.5,2
Hench_2017-06-18,92,1,165.03162769299706,-0.5,0.5,2
Hench_2017-06-18,96,1,206.37225695685402,-1.0,1.0,2
Hench_2017-06-18,97,0,317.1425838569917,1.0,1.0,2
Hench_2017-06-18,100,0,265.61260515683216,1.0,1.0,2
Hench_2017-06-18,101,0,188.57866244570687,0.5,0.5,2
Hench_2017-06-18,107,1,185.03102669234295,0.0,0.0,2
Hench_2017-06-18,111,1,283.4630312245281,-0.75,0.75,2
Hench_2017-06-18,112,0,177.01958548542507,0.5,0.5,2
Hench_2017-06-18,113,0,156.37419351151038,1.0,1.0,2
Hench_2017-06-18,116,1,152.0667175715289,-0.5,0.5,2
Hench_2017-06-18,117,0,152.03237909497602,1.0,1.0,2
Hench_2017-06-18,119,0,226.07622865552912,0.5,0.5,2
Hench_2017-06-18,120,1,168.02170613880207,-1.0,1.0,2
Hench_2017-06-18,124,1,128.48339308288814,-0.5,0.5,2
Hench_2017-06-18,129,0,220.81277795064125,1.0,1.0,2
Hench_2017-06-18,130,1,188.18426421091772,-0.25,0.25,2
Hench_2017-06-18,131,0,218.15788760477517,0.25,0.25,2
Hench_2017-06-18,132,1,137.28610505631877,-1.0,1.0,2
Hench_2017-06-18,134,0,132.39085594227618,0.5,0.5,2
Hench_2017-06-18,135,0,253.7553581055363,0.0,0.0,2
Hench_2017-06-18,137,1,191.87640521772664,-0.25,0.25,2
Hench_2017-06-18,138,0,317.8298445714063,0.5,0.5,2
Hench_2017-06-18,139,1,263.6044317706592,-0.5,0.5,2
Hench_2017-06-18,140,1,198.76738346442835,-0.75,0.75,2
Hench_2017-06-18,141,0,156.73711904423726,0.5,0.5,2
Hench_2017-06-18,143,1,169.82480545323142,-0.25,0.25,2
Hench_2017-06-18,145,0,183.54857170720607,0.5,0.5,2
Hench_2017-06-18,147,0,187.65274058512205,1.0,1.0,2
Hench_2017-06-18,148,0,150.82421287706893,0.5,0.5,2
Hench_2017-06-18,152,0,164.63450152377845,1.0,1.0,2
Hench_2017-06-18,154,1,198.52722579469173,-1.0,1.0,2
Hench_2017-06-18,156,1,167.86746986122125,-0.75,0.75,2
Hench_2017-06-18,157,0,169.17533099842785,-0.5,0.5,2
Hench_2017-06-18,160,1,180.07445735815963,-1.0,1.0,2
Hench_2017-06-18,161,1,188.44186956198428,-0.5,0.5,2
Hench_2017-06-18,162,1,203.00927245341427,-0.25,0.25,2
Hench_2017-06-18,163,1,265.546224682339,-1.0,1.0,2
Hench_2017-06-18,164,1,169.51693803582657,-0.5,0.5,2
Hench_2017-06-18,165,1,322.87096405366356,-1.0,1.0,2
Hench_2017-06-18,166,1,139.2354662169737,0.0,0.0,2
Hench_2017-06-18,167,0,193.40752051698473,-0.75,0.75,2
Hench_2017-06-18,169,0,308.11364028602384,0.25,0.25,2
Hench_2017-06-18,173,0,195.74486725514362,0.25,0.25,2
Hench_2017-06-18,174,0,182.5161486486877,0.25,0.25,2
Hench_2017-06-18,175,1,199.68608443923586,-1.0,1.0,2
Hench_2017-06-18,176,0,151.45932137988893,0.0,0.0,2
Hench_2017-06-18,181,0,158.4395225369235,1.0,1.0,2
Hench_2017-06-18,183,0,186.77841634485048,1.0,1.0,2
Hench_2017-06-18,184,1,171.92954163431295,-1.0,1.0,2
Hench_2017-06-18,185,1,159.01992856095148,-1.0,1.0,2
Hench_2017-06-18,188,1,177.26067252647226,-0.75,0.75,2
Hench_2017-06-18,191,1,189.32060879012624,-0.75,0.75,2
Hench_2017-06-18,194,1,179.60071978211545,-0.5,0.5,2
Hench_2017-06-18,195,1,254.5564871680881,-0.5,0.5,2
Hench_2017-06-18,200,1,184.5440681876198,-0.5,0.5,2
Hench_2017-06-18,201,0,192.91013013253178,0.0,0.0,2
Hench_2017-06-18,202,1,174.47578699989208,-1.0,1.0,2
Hench_2017-06-18,203,0,188.43893424832459,0.0,0.0,2
Hench_2017-06-18,205,1,335.1628867446834,-1.0,1.0,2
Hench_2017-06-18,207,0,157.68219248866444,0.5,0.5,2
Hench_2017-06-18,209,1,135.3974148639736,-0.5,0.5,2
Hench_2017-06-18,210,1,189.36696420132648,-0.75,0.75,2
Hench_2017-06-18,212,0,224.67112376693876,0.5,0.5,2
Hench_2017-06-18,214,1,242.38713767329045,-1.0,1.0,2
Hench_2017-06-18,215,1,159.15066671902878,-1.0,1.0,2
Hench_2017-06-18,216,1,154.9211798617307,0.0,0.0,2
Hench_2017-06-18,218,0,248.83194638312034,0.5,0.5,2
Hench_2017-06-18,220,0,370.16676613438904,0.75,0.75,2
Hench_2017-06-18,221,1,171.93669726896132,-0.5,0.5,2
Hench_2017-06-18,223,1,139.07113056689013,-0.25,0.25,2
Hench_2017-06-18,224,0,223.24241661624455,0.5,0.5,2
Hench_2017-06-18,225,0,178.80963326535948,0.0,0.0,2
Hench_2017-06-18,226,1,206.57684060211068,-1.0,1.0,2
Hench_2017-06-18,229,0,196.82882896370302,1.0,1.0,2
Hench_2017-06-18,236,1,173.50641976850056,0.0,0.0,2
Hench_2017-06-18,241,0,213.30099419697035,0.75,0.75,2
Hench_2017-06-18,242,1,168.06743328311313,-0.25,0.25,2
Hench_2017-06-18,243,0,218.42786138995507,0.5,0.5,2
Hench_2017-06-18,250,0,205.72775008827193,0.0,0.0,2
Hench_2017-06-18,252,0,163.06354761320563,1.0,1.0,2
Hench_2017-06-18,253,0,200.63560656922164,0.25,0.25,2
Hench_2017-06-18,258,1,173.82746185603537,-1.0,1.0,2
Hench_2017-06-18,259,1,193.38885842444142,-0.25,0.25,2
Hench_2017-06-18,260,1,183.72619245064925,-0.75,0.75,2
Hench_2017-06-18,264,0,180.17547098247633,1.0,1.0,2
Hench_2017-06-18,265,1,207.94598412521736,-0.5,0.5,2
Hench_2017-06-18,267,1,318.41716944109066,0.0,0.0,2
Hench_2017-06-18,271,0,248.68196198031,0.5,0.5,2
Hench_2017-06-18,273,1,271.00630558629746,-0.5,0.5,2
Hench_2017-06-18,274,0,215.56944817871226,0.75,0.75,2
Hench_2017-06-18,275,0,166.1302627387613,0.0,0.0,2
Hench_2017-06-18,278,0,271.99195433922796,0.5,0.5,2
Hench_2017-06-18,284,1,179.34985760257405,-0.75,0.75,2
Hench_2017-06-18,288,1,199.58438572166415,-0.25,0.25,2
Hench_2017-06-18,289,0,230.35257083211036,0.75,0.75,2
Hench_2017-06-18,291,0,262.66837055959513,0.75,0.75,2
Hench_2017-06-18,292,0,178.42298324126205,0.75,0.75,2
Hench_2017-06-18,298,0,155.34170106502643,0.75,0.75,2
Hench_2017-06-18,300,1,205.66972296205677,0.0,0.0,2
Hench_2017-06-18,311,0,230.78222833942164,1.0,1.0,2
Hench_2017-06-18,312,1,151.34944498822733,-0.5,0.5,2
Hench_2017-06-18,313,1,195.11511582390995,0.25,0.25,2
Hench_2017-06-18,317,1,237.14751146530944,0.5,0.5,2
Hench_2017-06-18,321,0,177.3583634960687,0.75,0.75,2
Hench_2017-06-18,327,1,318.4925999828465,0.75,0.75,2
Hench_2017-06-18,333,0,240.97602018082398,1.0,1.0,2
Lederberg_2017-12-11,0,1,192.9822268882262,-0.5,0.5,4
Lederberg_2017-12-11,3,1,168.36481152813576,-0.25,0.25,4
Lederberg_2017-12-11,4,0,143.28989774628553,0.0,0.0,4
Lederberg_2017-12-11,7,1,337.66581300770326,0.0,0.0,4
Lederberg_2017-12-11,10,1,207.11878800284467,-0.5,0.5,4
Lederberg_2017-12-11,11,1,156.39369723675145,-1.0,1.0,4
Lederberg_2017-12-11,17,1,137.16175300623945,-1.0,1.0,4
Lederberg_2017-12-11,18,0,212.45077474591767,0.25,0.25,4
Lederberg_2017-12-11,19,1,176.9785691480763,-0.5,0.5,4
Lederberg_2017-12-11,21,0,222.79590887015388,0.25,0.25,4
Lederberg_2017-12-11,22,0,337.05355991679653,0.5,0.5,4
Lederberg_2017-12-11,25,0,149.6225249687484,0.25,0.25,4
Lederberg_2017-12-11,26,1,182.64589478567927,-0.75,0.75,4
Lederberg_2017-12-11,27,1,206.34509564055747,0.0,0.0,4
Lederberg_2017-12-11,29,1,152.41182546347432,-0.75,0.75,4
Lederberg_2017-12-11,30,1,136.35391524573492,-1.0,1.0,4
Lederberg_2017-12-11,33,1,149.20035873726079,-1.0,1.0,4
Lederberg_2017-12-11,36,1,139.76672193882678,-0.75,0.75,4
Lederberg_2017-12-11,37,1,152.58264726978155,0.25,0.25,4
Lederberg_2017-12-11,38,1,186.89681122287993,-0.75,0.75,4
Lederberg_2017-12-11,41,0,134.66093354568898,1.0,1.0,4
Lederberg_2017-12-11,42,1,254.5653852620262,-0.25,0.25,4
Lederberg_2017-12-11,43,1,157.10044176458382,0.0,0.0,4
Lederberg_2017-12-11,45,0,171.00046142260794,0.75,0.75,4
Lederberg_2017-12-11,46,1,179.1829839185084,-0.5,0.5,4
Lederberg_2017-12-11,47,0,159.91579065484984,1.0,1.0,4
Lederberg_2017-12-11,48,0,169.93193349352964,0.25,0.25,4
Lederberg_2017-12-11,49,0,154.15219381409884,0.75,0.75,4
Lederberg_2017-12-11,50,1,153.69303590355798,-1.0,1.0,4
Lederberg_2017-12-11,51,1,157.78788423338597,-1.0,1.0,4
Lederberg_2017-12-11,52,0,163.33301682522006,0.25,0.25,4
Lederberg_2017-12-11,56,1,136.3949053315423,-0.5,0.5,4
Lederberg_2017-12-11,59,1,155.18182934977176,-0.5,0.5,4
Lederberg_2017-12-11,60,1,162.53507165686187,-1.0,1.0,4
Lederberg_2017-12-11,61,0,161.90969246048326,0.5,0.5,4
Lederberg_2017-12-11,62,0,183.7211241456771,1.0,1.0,4
Lederberg_2017-12-11,67,1,126.50092444755501,-1.0,1.0,4
Lederberg_2017-12-11,73,1,172.7826699684556,-1.0,1.0,4
Lederberg_2017-12-11,75,1,185.76509686602094,0.5,0.5,4
Lederberg_2017-12-11,76,0,215.60627019516687,0.25,0.25,4
Lederberg_2017-12-11,77,0,169.76975051795762,0.25,0.25,4
Lederberg_2017-12-11,78,0,188.7826350671844,0.0,0.0,4
Lederberg_2017-12-11,83,1,187.46024447568743,0.0,0.0,4
Lederberg_2017-12-11,86,0,201.9201453080086,0.5,0.5,4
Lederberg_2017-12-11,87,1,150.04016449216806,-0.25,0.25,4
Lederberg_2017-12-11,88,1,188.25298363429965,-0.25,0.25,4
Lederberg_2017-12-11,90,1,215.0964162906348,0.0,0.0,4
Lederberg_2017-12-11,93,0,174.29196538279257,0.25,0.25,4
Lederberg_2017-12-11,94,0,134.58023336482938,0.75,0.75,4
Lederberg_2017-12-11,95,1,140.58501121900235,-0.75,0.75,4
Lederberg_2017-12-11,98,0,177.8489137347492,0.0,0.0,4
Lederberg_2017-12-11,99,1,167.56482974483333,-0.75,0.75,4
Lederberg_2017-12-11,100,0,148.30425148483073,0.25,0.25,4
Lederberg_2017-12-11,101,1,173.0935275023171,-0.5,0.5,4
Lederberg_2017-12-11,105,0,131.70259960935482,1.0,1.0,4
Lederberg_2017-12-11,106,0,146.4258110106016,1.0,1.0,4
Lederberg_2017-12-11,110,0,144.44670817204042,0.75,0.75,4
Lederberg_2017-12-11,112,1,143.43914488438259,-0.5,0.5,4
Lederberg_2017-12-11,113,0,145.00791801032165,0.5,0.5,4
Lederberg_2017-12-11,116,0,132.07905212550486,0.0,0.0,4
Lederberg_2017-12-11,117,1,191.63930274282848,-1.0,1.0,4
Lederberg_2017-12-11,121,1,170.7925678548463,-0.75,0.75,4
Lederberg_2017-12-11,124,1,268.39161832481295,-0.25,0.25,4
Lederberg_2017-12-11,127,1,150.85831430474173,-0.75,0.75,4
Lederberg_2017-12-11,129,0,176.10009547604477,0.75,0.75,4
Lederberg_2017-12-11,130,0,187.99631900219538,1.0,1.0,4
Lederberg_2017-12-11,135,0,148.81902807383085,0.75,0.75,4
Lederberg_2017-12-11,136,1,142.66572420990542,0.0,0.0,4
Lederberg_2017-12-11,139,1,184.54197306596143,-0.5,0.5,4
Lederberg_2017-12-11,143,1,209.4677712811972,-0.5,0.5,4
Lederberg_2017-12-11,145,1,178.45423265282534,-0.25,0.25,4
Lederberg_2017-12-11,146,0,263.64051062955696,1.0,1.0,4
Lederberg_2017-12-11,147,0,158.02909860951786,0.75,0.75,4
Lederberg_2017-12-11,149,1,156.91896300984354,-0.25,0.25,4
Lederberg_2017-12-11,151,0,181.6096192361556,0.75,0.75,4
Lederberg_2017-12-11,157,0,218.89113976692443,0.0,0.0,4
Lederberg_2017-12-11,161,0,185.24034763368036,0.5,0.5,4
Lederberg_2017-12-11,163,1,245.51837215392425,-0.25,0.25,4
Lederberg_2017-12-11,165,0,186.85830810318294,0.5,0.5,4
Lederberg_2017-12-11,166,0,244.32894265260074,0.5,0.5,4
Lederberg_2017-12-11,167,1,156.76686388360395,-0.5,0.5,4
Lederberg_2017-12-11,168,1,208.0183515132603,-0.25,0.25,4
Lederberg_2017-12-11,170,0,239.0849692236543,0.0,0.0,4
Lederberg_2017-12-11,171,0,173.41597707536494,-0.5,0.5,4
Lederberg_2017-12-11,172,1,332.0161491884619,-0.25,0.25,4
Lederberg_2017-12-11,176,0,174.86715805432596,-0.5,0.5,4
Lederberg_2017-12-11,177,1,173.25206453188002,-0.5,0.5,4
Lederberg_2017-12-11,178,1,194.6777870555252,-0.75,0.75,4
Lederberg_2017-12-11,179,0,171.09846558400932,1.0,1.0,4
Lederberg_2017-12-11,182,0,134.47461518057935,1.0,1.0,4
Lederberg_2017-12-11,184,0,173.77005701939652,1.0,1.0,4
Lederberg_2017-12-11,187,1,169.13795279958777,-0.25,0.25,4
Lederberg_2017-12-11,188,1,167.1075341608912,-0.5,0.5,4
Lederberg_2017-12-11,192,1,174.5118815775868,-0.5,0.5,4
Lederberg_2017-12-11,193,1,197.97281832586577,-0.5,0.5,4
Lederberg_2017-12-11,194,0,175.14911104808562,0.75,0.75,4
Lederberg_2017-12-11,196,0,176.83437965274607,0.75,0.75,4
Lederberg_2017-12-11,198,1,185.34973204862126,0.0,0.0,4
Lederberg_2017-12-11,199,0,195.88943484359334,0.0,0.0,4
Lederberg_2017-12-11,202,1,242.59198432423545,-0.5,0.5,4
Lederberg_2017-12-11,205,0,156.07030933142596,1.0,1.0,4
Lederberg_2017-12-11,207,1,174.39792145603406,-0.5,0.5,4
Lederberg_2017-12-11,210,1,215.9985152519539,-1.0,1.0,4
Lederberg_2017-12-11,212,0,181.7350920358649,0.5,0.5,4
Lederberg_2017-12-11,213,1,177.48007059867632,-0.5,0.5,4
Lederberg_2017-12-11,216,0,148.04619492679194,0.75,0.75,4
Lederberg_2017-12-11,217,0,308.60560731980513,0.0,0.0,4
Lederberg_2017-12-11,218,0,172.20356567338513,0.5,0.5,4
Lederberg_2017-12-11,219,0,211.86390393847887,0.75,0.75,4
Lederberg_2017-12-11,220,0,222.85343090811693,0.75,0.75,4
Lederberg_2017-12-11,221,0,176.754349886437,0.5,0.5,4
Lederberg_2017-12-11,222,0,171.5692104360187,0.5,0.5,4
Lederberg_2017-12-11,224,0,128.9288089284355,0.5,0.5,4
Lederberg_2017-12-11,226,0,236.50247877230868,-0.5,0.5,4
Lederberg_2017-12-11,227,1,335.79312613142065,0.25,0.25,4
Lederberg_2017-12-11,229,0,195.10925257918643,0.25,0.25,4
Lederberg_2017-12-11,231,1,326.15196224332976,-1.0,1.0,4
Lederberg_2017-12-11,232,0,177.2665236777584,1.0,1.0,4
Lederberg_2017-12-11,236,0,374.3042605434539,0.25,0.25,4
Lederberg_2017-12-11,237,0,145.75414321438984,0.75,0.75,4
Lederberg_2017-12-11,240,0,180.7134602165661,0.5,0.5,4
Lederberg_2017-12-11,241,0,187.3567425956253,1.0,1.0,4
Lederberg_2017-12-11,243,1,204.28907714665456,-0.75,0.75,4
Lederberg_2017-12-11,244,0,263.0839881603606,0.75,0.75,4
Lederberg_2017-12-11,248,0,184.20754938426853,0.75,0.75,4
Lederberg_2017-12-11,249,1,235.34506470866745,-1.0,1.0,4
Lederberg_2017-12-11,250,0,164.43812622901532,1.0,1.0,4
Lederberg_2017-12-11,251,1,164.07843388446963,-0.5,0.5,4
Lederberg_2017-12-11,252,1,167.90879162647343,-0.5,0.5,4
Lederberg_2017-12-11,253,1,195.19712291094038,-0.25,0.25,4
Lederberg_2017-12-11,258,1,230.4173159182028,-0.75,0.75,4
Lederberg_2017-12-11,260,1,178.27798029679798,-0.5,0.5,4
Lederberg_2017-12-11,261,1,178.61509345311788,-0.5,0.5,4
Lederberg_2017-12-11,262,1,158.92306527416622,-1.0,1.0,4
Lederberg_2017-12-11,263,0,160.80306595472393,0.75,0.75,4
Lederberg_2017-12-11,264,0,176.36326234696753,1.0,1.0,4
Lederberg_2017-12-11,265,1,232.13469787037866,-1.0,1.0,4
Lederberg_2017-12-11,266,0,270.17572925751665,0.25,0.25,4
Lederberg_2017-12-11,268,1,176.03330847509824,-1.0,1.0,4
Lederberg_2017-12-11,269,0,142.16359853890026,1.0,1.0,4
Lederberg_2017-12-11,271,1,163.71992462495655,-1.0,1.0,4
Lederberg_2017-12-11,272,0,174.57674314618998,0.5,0.5,4
Lederberg_2017-12-11,273,1,185.53706101624812,-0.75,0.75,4
Lederberg_2017-12-11,281,0,304.60024851936396,0.0,0.0,4
Lederberg_2017-12-11,295,0,183.97565287568796,1.0,1.0,4
Lederberg_2017-12-11,296,1,188.97930363846172,-0.75,0.75,4
Lederberg_2017-12-11,299,0,243.67379920113308,0.5,0.5,4
Lederberg_2017-12-11,300,0,284.42177906663346,0.5,0.5,4
Radnitz_2017-01-12,0,0,163.16135883737815,1.0,1.0,5
Radnitz_2017-01-12,10,1,201.018269053705,-1.0,1.0,5
Radnitz_2017-01-12,11,0,280.1492595518482,1.0,1.0,5
Radnitz_2017-01-12,12,0,203.6891400661318,0.5,0.5,5
Radnitz_2017-01-12,15,1,209.0295128548263,-1.0,1.0,5
Radnitz_2017-01-12,24,0,252.98279256566047,0.5,0.5,5
Radnitz_2017-01-12,25,0,212.72713478603578,1.0,1.0,5
Radnitz_2017-01-12,26,1,197.87091595358675,-1.0,1.0,5
Radnitz_2017-01-12,32,1,184.22706302789038,-0.5,0.5,5
Radnitz_2017-01-12,35,1,163.17995263878515,-0.5,0.5,5
Radnitz_2017-01-12,36,0,277.51760897922395,1.0,1.0,5
Radnitz_2017-01-12,37,1,201.25360219870458,-0.75,0.75,5
Radnitz_2017-01-12,43,0,218.56105789979097,0.5,0.5,5
Radnitz_2017-01-12,45,1,218.22191011114,-1.0,1.0,5
Radnitz_2017-01-12,51,1,201.54716588217525,-0.75,0.75,5
Radnitz_2017-01-12,61,1,189.00222126711697,-0.75,0.75,5
Radnitz_2017-01-12,70,1,250.66310759433463,-1.0,1.0,5
Radnitz_2017-01-12,73,0,332.8502147505219,0.5,0.5,5
Radnitz_2017-01-12,83,1,247.02707005337743,-0.75,0.75,5
Radnitz_2017-01-12,101,1,236.25089222923634,-1.0,1.0,5
Radnitz_2017-01-12,102,0,164.92844244248772,0.5,0.5,5
Radnitz_2017-01-12,107,0,232.56529429909278,0.5,0.5,5
Radnitz_2017-01-12,111,0,302.4305194005592,1.0,1.0,5
Radnitz_2017-01-12,124,0,207.17528583679723,1.0,1.0,5
Richards_2017-11-01,1,0,206.52032394159647,0.25,0.25,27
Richards_2017-11-01,3,1,216.7890426774477,-0.75,0.75,27
Richards_2017-11-01,7,0,230.24411863875116,0.5,0.5,27
Richards_2017-11-01,8,1,233.3657524774253,0.0,0.0,27
Richards_2017-11-01,10,1,175.35641695599224,-1.0,1.0,27
Richards_2017-11-01,12,0,243.31927990471058,0.25,0.25,27
Richards_2017-11-01,15,1,305.7271077445023,0.0,0.0,27
Richards_2017-11-01,19,1,173.6167948471916,-0.5,0.5,27
Richards_2017-11-01,20,0,233.59211235481325,0.5,0.5,27
Richards_2017-11-01,23,1,188.1915751138763,-0.75,0.75,27
Richards_2017-11-01,26,1,168.55437032421605,-0.5,0.5,27
Richards_2017-11-01,27,0,149.08593569282402,0.0,0.0,27
Richards_2017-11-01,33,0,194.46955619835649,0.5,0.5,27
Richards_2017-11-01,34,1,150.37735721676881,-0.75,0.75,27
Richards_2017-11-01,37,0,299.4993971418012,0.75,0.75,27
Richards_2017-11-01,40,0,168.12215610585213,1.0,1.0,27
Richards_2017-11-01,43,0,210.06064423525572,0.0,0.0,27
Richards_2017-11-01,45,0,320.9848525493726,0.5,0.5,27
Richards_2017-11-01,48,0,236.09074752650372,-0.25,0.25,27
Richards_2017-11-01,50,1,297.97617185556646,0.0,0.0,27
Richards_2017-11-01,51,0,270.70698649868064,0.5,0.5,27
Richards_2017-11-01,54,1,149.19834817047217,-1.0,1.0,27
Richards_2017-11-01,56,1,297.9028523028262,0.5,0.5,27
Richards_2017-11-01,58,1,157.14758200692813,-0.5,0.5,27
Richards_2017-11-01,61,0,186.20311126801425,1.0,1.0,27
Richards_2017-11-01,63,1,188.8927289797948,0.0,0.0,27
Richards_2017-11-01,64,0,285.9576224150828,0.25,0.25,27
Richards_2017-11-01,65,0,272.97573982178847,0.75,0.75,27
Richards_2017-11-01,68,1,221.61145740273014,-0.5,0.5,27
Richards_2017-11-01,69,1,267.5703870800703,-0.5,0.5,27
Richards_2017-11-01,70,0,177.82573177004224,0.75,0.75,27
Richards_2017-11-01,71,1,349.4431971055292,-0.25,0.25,27
Richards_2017-11-01,72,0,204.4225478366002,0.5,0.5,27
Richards_2017-11-01,74,0,375.2210030141896,0.75,0.75,27
Richards_2017-11-01,75,0,386.11559875914736,0.25,0.25,27
Richards_2017-11-01,77,0,325.1838811206653,0.5,0.5,27
Richards_2017-11-01,79,0,243.85233811199214,1.0,1.0,27
Richards_2017-11-01,80,1,225.989039136266,-0.5,0.5,27
Richards_2017-11-01,81,1,175.1821308184276,-1.0,1.0,27
Richards_2017-11-01,82,0,223.7203306113429,0.5,0.5,27
Richards_2017-11-01,83,1,223.17609672592198,0.5,0.5,27
Richards_2017-11-01,84,1,213.84290772778058,-1.0,1.0,27
Richards_2017-11-01,85,1,212.65106297511238,-0.5,0.5,27
Richards_2017-11-01,88,1,252.05681890196274,-1.0,1.0,27
Richards_2017-11-01,91,0,266.0661986042214,0.5,0.5,27
Richards_2017-11-01,96,1,224.88300535775352,-0.5,0.5,27
Richards_2017-11-01,97,1,158.71687410788127,-0.5,0.5,27
Richards_2017-11-01,99,0,376.65013605771946,1.0,1.0,27
Richards_2017-11-01,100,0,301.0094226765432,1.0,1.0,27
Richards_2017-11-01,101,1,214.66678421523966,-1.0,1.0,27
Richards_2017-11-01,102,0,213.78750545306957,1.0,1.0,27
Richards_2017-11-01,105,0,341.2408319297242,1.0,1.0,27
Richards_2017-11-01,106,0,375.19212337076624,0.75,0.75,27
Richards_2017-11-01,107,1,219.14070786777984,-0.5,0.5,27
Richards_2017-11-01,109,0,360.449562922895,0.75,0.75,27
Richards_2017-11-01,112,0,325.66378492640524,0.75,0.75,27
Richards_2017-11-01,114,1,234.06179476103262,-1.0,1.0,27
Richards_2017-11-01,117,0,313.78982228841323,0.75,0.75,27
Richards_2017-11-01,130,1,260.8916140729889,-0.5,0.5,27
Richards_2017-11-01,131,1,334.04659869438547,0.75,0.75,27
Richards_2017-11-01,133,0,304.7109246299442,0.75,0.75,27
Richards_2017-11-01,134,0,386.80384870235685,0.5,0.5,27
Richards_2017-11-01,137,1,144.4313856026156,-0.5,0.5,27
Richards_2017-11-01,139,1,167.93390427807253,0.0,0.0,27
Richards_2017-11-01,145,1,312.7346944537521,-1.0,1.0,27
Richards_2017-11-01,148,1,283.7634751163023,-0.5,0.5,27
Richards_2017-11-01,166,0,237.4330650667389,1.0,1.0,27
Richards_2017-11-01,167,1,233.23978969733616,0.0,0.0,27
